event_id,run_number,device_uid,platform,device_name,timestamp,feature_acc_norm,feature_jerk,feature_gyr_norm,feature_roll,feature_pitch,feature_stability,temporal_stable_duration_ms,temporal_free_fall,temporal_impact,temporal_water_emergency,state,event_type,reason,snapshot_id,sync_triggered,push_attempted,push_success,file_count,files
43994451-a407-4aca-9c1f-4359ed35632e,1,dbaf9bbb-c05b-4137-91cc-4c17c0bfc86c,ios,Test1,2026-04-16T09:50:47.014000,0.994919324,-8.28E-07,0.03729477,-1.769681096,0.466554586,8.852375446,1261557,FALSE,FALSE,FALSE,STILL,GRACEFUL,stable_window,42f26ee1-d729-4fca-b4f2-f51f3d02de1b,TRUE,TRUE,FALSE,,
46cabfcc-acbd-4fcc-9dca-216684f6212d,2,dbaf9bbb-c05b-4137-91cc-4c17c0bfc86c,ios,Test1,2026-04-16T09:50:47.845000,1.371138884,7.469221147,1.16775316,-1.508489137,0.808954328,9.606614276,0,FALSE,TRUE,FALSE,UNSTABLE,EMERGENCY,impact,bf3317c3-d316-4368-9d05-f4b6c54be106,TRUE,TRUE,FALSE,,
92059fe1-678c-4ed6-9d02-8a198c7b6be7,3,dbaf9bbb-c05b-4137-91cc-4c17c0bfc86c,ios,Test1,2026-04-16T09:50:49.897000,1.65083618,9.95247486,2.684139934,-1.461377223,0.4483061,10.84330375,0,FALSE,TRUE,FALSE,UNSTABLE,EMERGENCY,impact,3819dbb2-1a65-4718-9fe4-15d3ab2c6275,TRUE,TRUE,FALSE,,
d145fbc9-6b61-44e1-a210-63ca34ffdf41,4,dbaf9bbb-c05b-4137-91cc-4c17c0bfc86c,ios,Test1,2026-04-16T09:50:50.189000,1.422398371,5.788806265,2.345170886,-1.141743974,0.521445942,10.73277251,0,FALSE,TRUE,FALSE,UNSTABLE,EMERGENCY,impact,fd333031-4c16-4fca-8892-9a16b99d558f,TRUE,TRUE,FALSE,,
ba220d14-36e0-41b0-a1d2-5b1417dd48a5,5,dbaf9bbb-c05b-4137-91cc-4c17c0bfc86c,ios,Test1,2026-04-16T09:52:00.852000,2.088196347,16.12636548,2.207658799,-0.091072494,0.742998776,9.929462452,0,FALSE,TRUE,FALSE,UNSTABLE,EMERGENCY,impact,0db116a7-0b44-4d3a-9de5-c957419d49d8,TRUE,TRUE,TRUE,,
4528d7dc-a3b6-44ee-9e85-5a1ffa191774,6,dbaf9bbb-c05b-4137-91cc-4c17c0bfc86c,ios,Test1,2026-04-16T09:52:02.872000,1.42691876,9.139826176,3.352181478,-0.272445934,0.448909947,11.73526272,0,FALSE,TRUE,FALSE,UNSTABLE,EMERGENCY,impact,807c993e-0bef-4ae5-b4a6-88d0f9008a12,TRUE,TRUE,TRUE,,
44f37471-1c29-4a4a-9b17-1b8b6afa9842,7,dbaf9bbb-c05b-4137-91cc-4c17c0bfc86c,ios,Test1,2026-04-16T09:52:03.212000,2.487765634,15.83353544,2.100717141,-0.190150194,0.413905296,9.422951506,0,FALSE,TRUE,FALSE,UNSTABLE,EMERGENCY,impact,6db6a5b6-1a99-45af-828f-169318675547,TRUE,TRUE,TRUE,,
56fc34c9-b144-4686-94c4-819c1808b732,8,dbaf9bbb-c05b-4137-91cc-4c17c0bfc86c,ios,Test1,2026-04-16T09:52:05.805000,0.996788771,0.014602745,0.045109632,-0.984291259,-0.43119384,8.858320861,2029,FALSE,FALSE,FALSE,STILL,GRACEFUL,stable_window,ab85e397-afce-41e5-a9a8-649c3f2ff717,TRUE,TRUE,TRUE,,
9e725de2-dc51-46d9-a328-bd39165ab629,9,dbaf9bbb-c05b-4137-91cc-4c17c0bfc86c,ios,Test1,2026-04-16T09:52:21.282000,1.071637031,4.089516427,1.838253356,-0.13126741,0.551754683,10.57661633,0,FALSE,TRUE,FALSE,UNSTABLE,EMERGENCY,impact,307ce402-762d-410a-be29-ceaf8d13790b,TRUE,TRUE,TRUE,,
44901710-300e-40d8-91d2-cb0b7f359259,10,dbaf9bbb-c05b-4137-91cc-4c17c0bfc86c,ios,Test1,2026-04-16T09:52:23.759000,0.992364915,-0.145085527,0.165524352,-0.994017654,-0.111964266,8.983159437,1801,FALSE,FALSE,FALSE,STILL,GRACEFUL,stable_window,ab3d5f65-bf12-4692-a7b4-fdf58013879b,TRUE,TRUE,TRUE,,
15c51ea3-dd6e-4203-b0aa-ec17847c1f92,11,dbaf9bbb-c05b-4137-91cc-4c17c0bfc86c,ios,Test1,2026-04-16T09:52:24.356000,1.100905227,8.11488823,1.144201643,-0.911650852,0.228732526,9.853296416,0,FALSE,TRUE,FALSE,UNSTABLE,EMERGENCY,impact,80b099e4-250a-44ed-8641-13bba3cd5478,TRUE,TRUE,TRUE,,
0269dbd4-188d-4c7c-aee5-87008353a4df,12,dbaf9bbb-c05b-4137-91cc-4c17c0bfc86c,ios,Test1,2026-04-16T09:52:25.772000,1.356794138,4.935864525,1.386595991,-0.626574828,-0.000393917,9.839801854,0,FALSE,TRUE,FALSE,UNSTABLE,EMERGENCY,impact,c14b1e5e-fbfe-4650-9c81-540300a93bf2,TRUE,TRUE,TRUE,,
b4f1cfe1-548b-4f56-9e9f-0b1c5bc9ede9,13,dbaf9bbb-c05b-4137-91cc-4c17c0bfc86c,ios,Test1,2026-04-16T09:52:26.075000,1.005819927,3.901557976,1.495481803,-0.591951619,0.119943314,10.29966188,0,FALSE,TRUE,FALSE,UNSTABLE,EMERGENCY,impact,0b81642f-f4bd-4ee3-bc81-2daf419b235f,TRUE,TRUE,TRUE,,
c729c00e-180d-454a-b13f-e7739bb65b45,14,dbaf9bbb-c05b-4137-91cc-4c17c0bfc86c,ios,Test1,2026-04-16T09:52:26.364000,1.684733154,10.13303324,3.35587354,-0.568067234,0.12593603,11.48114039,0,FALSE,TRUE,FALSE,UNSTABLE,EMERGENCY,impact,01836c74-dbd1-450c-a1a6-d6db81de72db,TRUE,TRUE,TRUE,,
d56d7b73-26fe-4a4c-8c74-ae5a56f5d116,15,dbaf9bbb-c05b-4137-91cc-4c17c0bfc86c,ios,Test1,2026-04-16T09:52:26.689000,0.449751621,0.229485977,1.097325643,-0.382246607,-0.175643473,10.45757402,0,TRUE,FALSE,FALSE,UNSTABLE,EMERGENCY,free_fall,5ede09aa-fc80-4baf-a860-df4cc10332f3,TRUE,TRUE,TRUE,,
3e7b6b25-c19e-43a6-a255-2e8e37a14b8f,16,dbaf9bbb-c05b-4137-91cc-4c17c0bfc86c,ios,Test1,2026-04-16T09:53:32.882000,1.007291258,0.000132357,0.326013947,-1.621502569,-0.824820533,9.128722688,64290,FALSE,FALSE,FALSE,STILL,GRACEFUL,stable_window,6568c8e6-5b01-4ec5-b755-bb0937ef0332,TRUE,TRUE,TRUE,,
dd467aa3-2f57-4cf5-8967-633a6f346a9b,17,dbaf9bbb-c05b-4137-91cc-4c17c0bfc86c,ios,Test1,2026-04-16T09:53:33.710000,1.70908405,15.83906743,4.486576926,-1.294854258,-1.307002854,12.58749288,0,FALSE,TRUE,FALSE,UNSTABLE,EMERGENCY,impact,607a4e18-3d64-4de3-9978-84f50d65d99e,TRUE,TRUE,TRUE,,
342a20da-6877-436f-b82f-b7015d04379a,18,dbaf9bbb-c05b-4137-91cc-4c17c0bfc86c,ios,Test1,2026-04-16T09:53:36.361000,1.302577261,5.542961794,1.591117588,-1.648956552,-0.071199779,10.09854033,0,FALSE,TRUE,FALSE,UNSTABLE,EMERGENCY,impact,ab8aa7a2-1787-41aa-b043-7cecf816ca72,TRUE,TRUE,TRUE,,
15d872ee-6410-42c9-af00-4005f15b8ef9,19,dbaf9bbb-c05b-4137-91cc-4c17c0bfc86c,ios,Test1,2026-04-16T09:53:36.655000,1.029380455,4.809046289,4.308294314,-1.450392424,-0.307082454,13.08891386,0,FALSE,TRUE,FALSE,UNSTABLE,EMERGENCY,impact,d4b58d53-e0f5-41c5-a0cd-aa75fea65f95,TRUE,TRUE,TRUE,,
7468bb69-38cb-4857-b7e1-b7964414f17e,20,dbaf9bbb-c05b-4137-91cc-4c17c0bfc86c,ios,Test1,2026-04-16T09:56:18.503000,0.839049284,-0.000454704,0.336950365,-1.147490328,0.177179922,9.307901081,160517,FALSE,FALSE,FALSE,STILL,GRACEFUL,stable_window,a12e1589-555c-4e9f-8ae0-4b21b55c13fd,TRUE,TRUE,TRUE,,
03cb817e-65a5-4ab8-a078-96e2c36452bf,21,dbaf9bbb-c05b-4137-91cc-4c17c0bfc86c,ios,Test1,2026-04-16T09:56:19.366000,1.335240874,8.646338941,3.335108328,-0.753076443,0.860573141,11.80986745,0,FALSE,TRUE,FALSE,UNSTABLE,EMERGENCY,impact,1ca00c6a-14c2-4226-a491-4f1c86adb0bd,TRUE,TRUE,TRUE,,
d4f52b79-7476-4a8e-b85a-42247ffa069f,22,dbaf9bbb-c05b-4137-91cc-4c17c0bfc86c,ios,Test1,2026-04-16T09:56:19.656000,1.765141755,6.513649713,1.683878169,-0.629464951,0.819149173,9.728736414,0,FALSE,TRUE,FALSE,UNSTABLE,EMERGENCY,impact,394fa442-8869-434a-af9e-2ab263872bac,TRUE,TRUE,TRUE,,
b879b44d-17cf-4b9e-99db-bf6758ddfdc7,23,dbaf9bbb-c05b-4137-91cc-4c17c0bfc86c,ios,Test1,2026-04-16T09:56:22.178000,0.991975716,-0.022334627,0.010531422,-0.808144615,0.424348549,8.828555706,2017,FALSE,FALSE,FALSE,STILL,GRACEFUL,stable_window,6a0ad378-d7cf-4f13-8494-292af93523c1,TRUE,TRUE,TRUE,,
494fcc07-27d1-4b83-bec7-974aaed44e01,1,e7e1819f-53df-4701-8f1c-b17b2d775b99,ios,Kayla’s IPhone,2026-04-16T22:47:48.899000,0.819002597,-3.40E-06,0.259807071,-2.07419709,0.620955525,9.250804474,46282333,FALSE,FALSE,FALSE,STILL,GRACEFUL,stable_window,30617f5a-a285-487e-807d-9ec08bcf316f,TRUE,TRUE,TRUE,,
494fcc07-27d1-4b83-bec7-974aaed44e01,1,e7e1819f-53df-4701-8f1c-b17b2d775b99,ios,Kayla’s IPhone,2026-04-16T22:47:48.899000,0.819002597,-3.40E-06,0.259807071,-2.07419709,0.620955525,9.250804474,46282333,FALSE,FALSE,FALSE,STILL,GRACEFUL,stable_window,30617f5a-a285-487e-807d-9ec08bcf316f,TRUE,TRUE,TRUE,,
e391940f-1e0b-49fd-9695-42cf0058aca4,2,e7e1819f-53df-4701-8f1c-b17b2d775b99,ios,Kayla’s IPhone,2026-04-16T22:50:00.953000,0.709625507,3.747844637,1.563941996,-1.766379126,-0.729218756,10.66431649,0,FALSE,TRUE,FALSE,UNSTABLE,EMERGENCY,impact,91743c28-9369-49ce-9184-976357099ec5,TRUE,TRUE,TRUE,,
e391940f-1e0b-49fd-9695-42cf0058aca4,2,e7e1819f-53df-4701-8f1c-b17b2d775b99,ios,Kayla’s IPhone,2026-04-16T22:50:00.953000,0.709625507,3.747844637,1.563941996,-1.766379126,-0.729218756,10.66431649,0,FALSE,TRUE,FALSE,UNSTABLE,EMERGENCY,impact,91743c28-9369-49ce-9184-976357099ec5,TRUE,TRUE,TRUE,,
31a967e7-e04e-4bc3-8f70-4733507b3c48,3,e7e1819f-53df-4701-8f1c-b17b2d775b99,ios,Kayla’s IPhone,2026-04-16T22:50:03.414000,0.992486785,0.016686553,0.047256539,-1.550544252,0.013277995,8.864769754,1731,FALSE,FALSE,FALSE,STILL,GRACEFUL,stable_window,d183b1d6-c2b5-45fb-95b6-acba0b7ee32b,TRUE,TRUE,TRUE,,
31a967e7-e04e-4bc3-8f70-4733507b3c48,3,e7e1819f-53df-4701-8f1c-b17b2d775b99,ios,Kayla’s IPhone,2026-04-16T22:50:03.414000,0.992486785,0.016686553,0.047256539,-1.550544252,0.013277995,8.864769754,1731,FALSE,FALSE,FALSE,STILL,GRACEFUL,stable_window,d183b1d6-c2b5-45fb-95b6-acba0b7ee32b,TRUE,TRUE,TRUE,,
97de859e-0b87-453c-8b8d-10a6e873e2c0,4,e7e1819f-53df-4701-8f1c-b17b2d775b99,ios,Kayla’s IPhone,2026-04-16T22:50:51.185000,0.856244941,7.412890858,1.914840196,-1.040951082,-1.336417944,10.86859526,0,FALSE,TRUE,FALSE,UNSTABLE,EMERGENCY,impact,a45790c3-4601-4bd1-97cc-67378c3ace4c,TRUE,TRUE,TRUE,,
97de859e-0b87-453c-8b8d-10a6e873e2c0,4,e7e1819f-53df-4701-8f1c-b17b2d775b99,ios,Kayla’s IPhone,2026-04-16T22:50:51.185000,0.856244941,7.412890858,1.914840196,-1.040951082,-1.336417944,10.86859526,0,FALSE,TRUE,FALSE,UNSTABLE,EMERGENCY,impact,a45790c3-4601-4bd1-97cc-67378c3ace4c,TRUE,TRUE,TRUE,,
9c2a9825-5129-4ac4-8b06-2e73534870e5,5,e7e1819f-53df-4701-8f1c-b17b2d775b99,ios,Kayla’s IPhone,2026-04-16T22:50:51.466000,1.089370272,3.532201998,0.265979888,-0.973909306,-1.351182713,8.986609616,0,FALSE,TRUE,FALSE,UNSTABLE,EMERGENCY,impact,179cae6d-609a-4dfe-9d32-03ba5abbfac2,TRUE,TRUE,TRUE,,
9c2a9825-5129-4ac4-8b06-2e73534870e5,5,e7e1819f-53df-4701-8f1c-b17b2d775b99,ios,Kayla’s IPhone,2026-04-16T22:50:51.466000,1.089370272,3.532201998,0.265979888,-0.973909306,-1.351182713,8.986609616,0,FALSE,TRUE,FALSE,UNSTABLE,EMERGENCY,impact,179cae6d-609a-4dfe-9d32-03ba5abbfac2,TRUE,TRUE,TRUE,,
288dc3f2-e9c7-48ba-8905-1307d8094f03,6,e7e1819f-53df-4701-8f1c-b17b2d775b99,ios,Kayla’s IPhone,2026-04-16T22:50:51.882000,0.445449785,0.367566162,0.449830489,-0.456298813,-1.168891575,9.814380704,0,TRUE,FALSE,FALSE,UNSTABLE,EMERGENCY,free_fall,b9386b15-13b5-4eed-ab48-7db90156e33b,TRUE,TRUE,TRUE,,
288dc3f2-e9c7-48ba-8905-1307d8094f03,6,e7e1819f-53df-4701-8f1c-b17b2d775b99,ios,Kayla’s IPhone,2026-04-16T22:50:51.882000,0.445449785,0.367566162,0.449830489,-0.456298813,-1.168891575,9.814380704,0,TRUE,FALSE,FALSE,UNSTABLE,EMERGENCY,free_fall,b9386b15-13b5-4eed-ab48-7db90156e33b,TRUE,TRUE,TRUE,,
eea36f30-e442-400a-b8a9-2e6c9ac1f630,7,e7e1819f-53df-4701-8f1c-b17b2d775b99,ios,Kayla’s IPhone,2026-04-16T22:50:52.193000,0.488446485,0.641741787,0.500649274,-0.476226583,-1.126264031,9.822202789,0,TRUE,FALSE,FALSE,UNSTABLE,EMERGENCY,free_fall,92aa1694-56ea-4f8b-8489-cc4f3c0ccd40,TRUE,TRUE,TRUE,,
eea36f30-e442-400a-b8a9-2e6c9ac1f630,7,e7e1819f-53df-4701-8f1c-b17b2d775b99,ios,Kayla’s IPhone,2026-04-16T22:50:52.193000,0.488446485,0.641741787,0.500649274,-0.476226583,-1.126264031,9.822202789,0,TRUE,FALSE,FALSE,UNSTABLE,EMERGENCY,free_fall,92aa1694-56ea-4f8b-8489-cc4f3c0ccd40,TRUE,TRUE,TRUE,,
dc761c80-d913-49ff-916b-4377ef10a2cb,8,e7e1819f-53df-4701-8f1c-b17b2d775b99,ios,Kayla’s IPhone,2026-04-16T22:51:34.887000,0.938122137,-0.001217933,0.037846275,-0.893568022,-0.532088659,8.909724138,42561,FALSE,FALSE,FALSE,STILL,GRACEFUL,stable_window,b07824a3-c0cc-425f-b191-c0811018a4cd,TRUE,TRUE,TRUE,,
dc761c80-d913-49ff-916b-4377ef10a2cb,8,e7e1819f-53df-4701-8f1c-b17b2d775b99,ios,Kayla’s IPhone,2026-04-16T22:51:34.887000,0.938122137,-0.001217933,0.037846275,-0.893568022,-0.532088659,8.909724138,42561,FALSE,FALSE,FALSE,STILL,GRACEFUL,stable_window,b07824a3-c0cc-425f-b191-c0811018a4cd,TRUE,TRUE,TRUE,,
3c5c4355-e59a-442d-8317-73f20d40f2d3,9,e7e1819f-53df-4701-8f1c-b17b2d775b99,ios,Kayla’s IPhone,2026-04-16T22:51:38.430000,0.997403373,-0.008042739,0.033042985,-1.956302649,-0.757548688,8.845639612,1532,FALSE,FALSE,FALSE,STILL,GRACEFUL,stable_window,af2bb432-d44a-4c87-a2d9-1f171e7fffdd,TRUE,TRUE,TRUE,,
3c5c4355-e59a-442d-8317-73f20d40f2d3,9,e7e1819f-53df-4701-8f1c-b17b2d775b99,ios,Kayla’s IPhone,2026-04-16T22:51:38.430000,0.997403373,-0.008042739,0.033042985,-1.956302649,-0.757548688,8.845639612,1532,FALSE,FALSE,FALSE,STILL,GRACEFUL,stable_window,af2bb432-d44a-4c87-a2d9-1f171e7fffdd,TRUE,TRUE,TRUE,,
fc794cfe-b70c-4a6f-adb7-ecd5d51f2cd3,10,e7e1819f-53df-4701-8f1c-b17b2d775b99,ios,Kayla’s IPhone,2026-04-16T22:52:58.238000,1.804854778,17.91457655,3.169612951,-1.667502632,-1.425772097,11.17475817,0,FALSE,TRUE,FALSE,UNSTABLE,EMERGENCY,impact,96666282-1203-4772-b0b5-8c4234155bcf,TRUE,TRUE,TRUE,,
fc794cfe-b70c-4a6f-adb7-ecd5d51f2cd3,10,e7e1819f-53df-4701-8f1c-b17b2d775b99,ios,Kayla’s IPhone,2026-04-16T22:52:58.238000,1.804854778,17.91457655,3.169612951,-1.667502632,-1.425772097,11.17475817,0,FALSE,TRUE,FALSE,UNSTABLE,EMERGENCY,impact,96666282-1203-4772-b0b5-8c4234155bcf,TRUE,TRUE,TRUE,,
b9d84d66-f79f-4c28-be5d-39ebf5995e1c,11,e7e1819f-53df-4701-8f1c-b17b2d775b99,ios,Kayla’s IPhone,2026-04-16T22:53:18.287000,0.993081684,-0.157507456,0.145036977,-1.662850713,-1.135437415,8.961955292,1531,FALSE,FALSE,FALSE,STILL,GRACEFUL,stable_window,5f864cd2-d137-4da0-b916-06be45d00632,TRUE,TRUE,TRUE,,
b9d84d66-f79f-4c28-be5d-39ebf5995e1c,11,e7e1819f-53df-4701-8f1c-b17b2d775b99,ios,Kayla’s IPhone,2026-04-16T22:53:18.287000,0.993081684,-0.157507456,0.145036977,-1.662850713,-1.135437415,8.961955292,1531,FALSE,FALSE,FALSE,STILL,GRACEFUL,stable_window,5f864cd2-d137-4da0-b916-06be45d00632,TRUE,TRUE,TRUE,,
bbff9aaa-f6a1-4019-b72d-80fe6c9a3e2f,12,e7e1819f-53df-4701-8f1c-b17b2d775b99,ios,Kayla’s IPhone,2026-04-16T22:53:24.252000,0.985244516,0.001279521,0.275476333,-2.19224648,-0.466952853,9.100231817,5820,FALSE,FALSE,FALSE,STILL,GRACEFUL,stable_window,8be799c3-9d0a-4f24-955a-f8a5c3d34116,TRUE,TRUE,TRUE,,
bbff9aaa-f6a1-4019-b72d-80fe6c9a3e2f,12,e7e1819f-53df-4701-8f1c-b17b2d775b99,ios,Kayla’s IPhone,2026-04-16T22:53:24.252000,0.985244516,0.001279521,0.275476333,-2.19224648,-0.466952853,9.100231817,5820,FALSE,FALSE,FALSE,STILL,GRACEFUL,stable_window,8be799c3-9d0a-4f24-955a-f8a5c3d34116,TRUE,TRUE,TRUE,,
b64d14fd-baad-4f4d-b6d6-8ad480b349a1,13,e7e1819f-53df-4701-8f1c-b17b2d775b99,ios,Kayla’s IPhone,2026-04-16T22:53:26.686000,1.27860519,6.668085017,1.787025799,-1.569034672,-0.413982714,10.31842061,0,FALSE,TRUE,FALSE,UNSTABLE,EMERGENCY,impact,a61a4ef1-52ce-45e1-b00a-8d08f5237f9b,TRUE,TRUE,TRUE,,
b64d14fd-baad-4f4d-b6d6-8ad480b349a1,13,e7e1819f-53df-4701-8f1c-b17b2d775b99,ios,Kayla’s IPhone,2026-04-16T22:53:26.686000,1.27860519,6.668085017,1.787025799,-1.569034672,-0.413982714,10.31842061,0,FALSE,TRUE,FALSE,UNSTABLE,EMERGENCY,impact,a61a4ef1-52ce-45e1-b00a-8d08f5237f9b,TRUE,TRUE,TRUE,,
02494acf-6783-470e-b5be-7bd984f776a8,14,e7e1819f-53df-4701-8f1c-b17b2d775b99,ios,Kayla’s IPhone,2026-04-16T22:53:29.407000,0.991908847,0.091065333,0.118812334,-1.409240108,0.314221078,8.936903487,1532,FALSE,FALSE,FALSE,STILL,GRACEFUL,stable_window,de1b27b9-6559-419c-a686-04f7d24140da,TRUE,TRUE,TRUE,,
02494acf-6783-470e-b5be-7bd984f776a8,14,e7e1819f-53df-4701-8f1c-b17b2d775b99,ios,Kayla’s IPhone,2026-04-16T22:53:29.407000,0.991908847,0.091065333,0.118812334,-1.409240108,0.314221078,8.936903487,1532,FALSE,FALSE,FALSE,STILL,GRACEFUL,stable_window,de1b27b9-6559-419c-a686-04f7d24140da,TRUE,TRUE,TRUE,,
d54ff8a4-622c-4fb9-aaf9-09c0f44a5ece,15,e7e1819f-53df-4701-8f1c-b17b2d775b99,ios,Kayla’s IPhone,2026-04-17T00:44:33.630000,1.377846608,11.898089,0.608547296,-1.857502483,-0.270979026,9.040700688,0,FALSE,TRUE,FALSE,UNSTABLE,EMERGENCY,impact,669ad03e-4bd7-4585-bf21-afe51d33c650,TRUE,TRUE,TRUE,,
d54ff8a4-622c-4fb9-aaf9-09c0f44a5ece,15,e7e1819f-53df-4701-8f1c-b17b2d775b99,ios,Kayla’s IPhone,2026-04-17T00:44:33.630000,1.377846608,11.898089,0.608547296,-1.857502483,-0.270979026,9.040700688,0,FALSE,TRUE,FALSE,UNSTABLE,EMERGENCY,impact,669ad03e-4bd7-4585-bf21-afe51d33c650,TRUE,TRUE,TRUE,,
75075a7a-44fd-499b-aed1-b1de4d706da8,16,e7e1819f-53df-4701-8f1c-b17b2d775b99,ios,Kayla’s IPhone,2026-04-17T00:44:33.925000,1.339656701,7.059542082,2.179696876,-1.798891173,-0.323470939,10.65004017,0,FALSE,TRUE,FALSE,UNSTABLE,EMERGENCY,impact,d8747bbe-2846-47cf-92a4-55add3e1d194,TRUE,TRUE,TRUE,,
75075a7a-44fd-499b-aed1-b1de4d706da8,16,e7e1819f-53df-4701-8f1c-b17b2d775b99,ios,Kayla’s IPhone,2026-04-17T00:44:33.925000,1.339656701,7.059542082,2.179696876,-1.798891173,-0.323470939,10.65004017,0,FALSE,TRUE,FALSE,UNSTABLE,EMERGENCY,impact,d8747bbe-2846-47cf-92a4-55add3e1d194,TRUE,TRUE,TRUE,,
7ced0a49-64e2-4b83-90ab-1fe6d95135fb,17,e7e1819f-53df-4701-8f1c-b17b2d775b99,ios,Kayla’s IPhone,2026-04-17T00:44:34.191000,1.62885569,4.381802868,1.096482896,-1.826170122,-0.274320055,9.277627206,0,FALSE,TRUE,FALSE,UNSTABLE,EMERGENCY,impact,6501ecb4-d392-43d8-af34-1ee384e112ce,TRUE,TRUE,TRUE,,
7ced0a49-64e2-4b83-90ab-1fe6d95135fb,17,e7e1819f-53df-4701-8f1c-b17b2d775b99,ios,Kayla’s IPhone,2026-04-17T00:44:34.191000,1.62885569,4.381802868,1.096482896,-1.826170122,-0.274320055,9.277627206,0,FALSE,TRUE,FALSE,UNSTABLE,EMERGENCY,impact,6501ecb4-d392-43d8-af34-1ee384e112ce,TRUE,TRUE,TRUE,,
c6fb9a14-3cdf-43e6-845e-99ea2fc23ac7,18,e7e1819f-53df-4701-8f1c-b17b2d775b99,ios,Kayla’s IPhone,2026-04-17T00:44:37.699000,0.977290283,-0.172547412,0.410880706,-2.785180822,0.293986272,9.243590423,1552,FALSE,FALSE,FALSE,STILL,GRACEFUL,stable_window,42ff42e7-9318-4c9a-b2d5-ee2e74f77786,TRUE,TRUE,TRUE,,
c6fb9a14-3cdf-43e6-845e-99ea2fc23ac7,18,e7e1819f-53df-4701-8f1c-b17b2d775b99,ios,Kayla’s IPhone,2026-04-17T00:44:37.699000,0.977290283,-0.172547412,0.410880706,-2.785180822,0.293986272,9.243590423,1552,FALSE,FALSE,FALSE,STILL,GRACEFUL,stable_window,42ff42e7-9318-4c9a-b2d5-ee2e74f77786,TRUE,TRUE,TRUE,,
90023487-dd31-4ad8-a6ec-2214179d682b,19,e7e1819f-53df-4701-8f1c-b17b2d775b99,ios,Kayla’s IPhone,2026-04-17T00:44:40.463000,0.359429854,-0.749558529,1.293986089,-2.90199485,0.228937843,10.74455624,0,TRUE,FALSE,FALSE,UNSTABLE,EMERGENCY,free_fall,d780170e-b67e-49d4-b394-c8d627e7faad,TRUE,TRUE,TRUE,,
90023487-dd31-4ad8-a6ec-2214179d682b,19,e7e1819f-53df-4701-8f1c-b17b2d775b99,ios,Kayla’s IPhone,2026-04-17T00:44:40.463000,0.359429854,-0.749558529,1.293986089,-2.90199485,0.228937843,10.74455624,0,TRUE,FALSE,FALSE,UNSTABLE,EMERGENCY,free_fall,d780170e-b67e-49d4-b394-c8d627e7faad,TRUE,TRUE,TRUE,,
79a16add-b61f-4256-95ec-414ded6b6d78,20,e7e1819f-53df-4701-8f1c-b17b2d775b99,ios,Kayla’s IPhone,2026-04-17T00:44:40.729000,0.307393399,-0.71282815,1.432696008,-2.921401329,0.151973141,10.93530261,0,TRUE,FALSE,FALSE,UNSTABLE,EMERGENCY,free_fall,565763b6-4c1e-4414-933b-1d9983247993,TRUE,TRUE,TRUE,,
79a16add-b61f-4256-95ec-414ded6b6d78,20,e7e1819f-53df-4701-8f1c-b17b2d775b99,ios,Kayla’s IPhone,2026-04-17T00:44:40.729000,0.307393399,-0.71282815,1.432696008,-2.921401329,0.151973141,10.93530261,0,TRUE,FALSE,FALSE,UNSTABLE,EMERGENCY,free_fall,565763b6-4c1e-4414-933b-1d9983247993,TRUE,TRUE,TRUE,,
eac22e48-e8e4-489f-9b18-9e8b52113be7,21,e7e1819f-53df-4701-8f1c-b17b2d775b99,ios,Kayla’s IPhone,2026-04-17T00:44:40.996000,0.333438292,0.394619601,1.030927753,-2.93127534,0.120248448,10.50748946,0,TRUE,FALSE,FALSE,UNSTABLE,EMERGENCY,free_fall,dd50b9c1-4f04-407f-9fb8-28fb3fe6ee33,TRUE,TRUE,TRUE,,
eac22e48-e8e4-489f-9b18-9e8b52113be7,21,e7e1819f-53df-4701-8f1c-b17b2d775b99,ios,Kayla’s IPhone,2026-04-17T00:44:40.996000,0.333438292,0.394619601,1.030927753,-2.93127534,0.120248448,10.50748946,0,TRUE,FALSE,FALSE,UNSTABLE,EMERGENCY,free_fall,dd50b9c1-4f04-407f-9fb8-28fb3fe6ee33,TRUE,TRUE,TRUE,,
797da2db-7025-40d4-bdb5-00939a019939,22,e7e1819f-53df-4701-8f1c-b17b2d775b99,ios,Kayla’s IPhone,2026-04-17T00:44:41.270000,0.415044581,1.218004316,0.76689806,-2.940332776,0.110068166,10.16185348,0,TRUE,FALSE,FALSE,UNSTABLE,EMERGENCY,free_fall,a802ee1b-b45c-4928-9031-ac57203a2b86,TRUE,TRUE,TRUE,,
797da2db-7025-40d4-bdb5-00939a019939,22,e7e1819f-53df-4701-8f1c-b17b2d775b99,ios,Kayla’s IPhone,2026-04-17T00:44:41.270000,0.415044581,1.218004316,0.76689806,-2.940332776,0.110068166,10.16185348,0,TRUE,FALSE,FALSE,UNSTABLE,EMERGENCY,free_fall,a802ee1b-b45c-4928-9031-ac57203a2b86,TRUE,TRUE,TRUE,,
bbb9da52-2f3b-4f30-b822-3b9cc7ee63e9,23,e7e1819f-53df-4701-8f1c-b17b2d775b99,ios,Kayla’s IPhone,2026-04-17T00:44:41.546000,0.494267562,1.182432553,0.659326996,-2.95220396,0.106723496,9.975059433,0,TRUE,FALSE,FALSE,UNSTABLE,EMERGENCY,free_fall,d21438b4-60ef-48c7-9834-5b339d0d0eed,TRUE,TRUE,TRUE,,
bbb9da52-2f3b-4f30-b822-3b9cc7ee63e9,23,e7e1819f-53df-4701-8f1c-b17b2d775b99,ios,Kayla’s IPhone,2026-04-17T00:44:41.546000,0.494267562,1.182432553,0.659326996,-2.95220396,0.106723496,9.975059433,0,TRUE,FALSE,FALSE,UNSTABLE,EMERGENCY,free_fall,d21438b4-60ef-48c7-9834-5b339d0d0eed,TRUE,TRUE,TRUE,,
c74b5a99-8b91-4445-a782-28a449e084e6,24,e7e1819f-53df-4701-8f1c-b17b2d775b99,ios,Kayla’s IPhone,2026-04-17T00:44:45.689000,1.023238847,-0.029415815,0.265026022,-1.067961556,0.886075898,9.051787175,1571,FALSE,FALSE,FALSE,STILL,GRACEFUL,stable_window,ce64b9d4-6999-4d0f-b2bc-690eb48daaa5,TRUE,TRUE,TRUE,,
c74b5a99-8b91-4445-a782-28a449e084e6,24,e7e1819f-53df-4701-8f1c-b17b2d775b99,ios,Kayla’s IPhone,2026-04-17T00:44:45.689000,1.023238847,-0.029415815,0.265026022,-1.067961556,0.886075898,9.051787175,1571,FALSE,FALSE,FALSE,STILL,GRACEFUL,stable_window,ce64b9d4-6999-4d0f-b2bc-690eb48daaa5,TRUE,TRUE,TRUE,,
272bb518-ef27-4d0a-add4-1870012b1fcc,25,e7e1819f-53df-4701-8f1c-b17b2d775b99,ios,Kayla’s IPhone,2026-04-17T00:44:52.155000,0.485036871,0.379287705,2.465793782,-2.559123891,0.061207821,11.79075691,0,TRUE,FALSE,FALSE,UNSTABLE,EMERGENCY,free_fall,1ddff463-a017-43ba-a973-15ca0dd94a58,TRUE,TRUE,TRUE,,
272bb518-ef27-4d0a-add4-1870012b1fcc,25,e7e1819f-53df-4701-8f1c-b17b2d775b99,ios,Kayla’s IPhone,2026-04-17T00:44:52.155000,0.485036871,0.379287705,2.465793782,-2.559123891,0.061207821,11.79075691,0,TRUE,FALSE,FALSE,UNSTABLE,EMERGENCY,free_fall,1ddff463-a017-43ba-a973-15ca0dd94a58,TRUE,TRUE,TRUE,,
617274bb-5b95-4230-b0bf-0f465efdab23,26,e7e1819f-53df-4701-8f1c-b17b2d775b99,ios,Kayla’s IPhone,2026-04-17T00:44:55.865000,0.996880447,0.02189965,0.038335143,-1.185635102,0.704091021,8.851454696,1516,FALSE,FALSE,FALSE,STILL,GRACEFUL,stable_window,7f4c63e0-1f70-4b16-9bdb-32b05ee3e543,TRUE,TRUE,TRUE,,
617274bb-5b95-4230-b0bf-0f465efdab23,26,e7e1819f-53df-4701-8f1c-b17b2d775b99,ios,Kayla’s IPhone,2026-04-17T00:44:55.865000,0.996880447,0.02189965,0.038335143,-1.185635102,0.704091021,8.851454696,1516,FALSE,FALSE,FALSE,STILL,GRACEFUL,stable_window,7f4c63e0-1f70-4b16-9bdb-32b05ee3e543,TRUE,TRUE,TRUE,,
a79cc17c-8299-449e-8475-f847a1fd7834,27,e7e1819f-53df-4701-8f1c-b17b2d775b99,ios,Kayla’s IPhone,2026-04-17T00:44:58.068000,1.182407769,7.376915241,1.403334066,-1.16107596,-0.321396923,10.0309263,0,FALSE,TRUE,FALSE,UNSTABLE,EMERGENCY,impact,b5bb095f-5003-4b6d-92c2-eb03408fba9e,TRUE,TRUE,TRUE,,
a79cc17c-8299-449e-8475-f847a1fd7834,27,e7e1819f-53df-4701-8f1c-b17b2d775b99,ios,Kayla’s IPhone,2026-04-17T00:44:58.068000,1.182407769,7.376915241,1.403334066,-1.16107596,-0.321396923,10.0309263,0,FALSE,TRUE,FALSE,UNSTABLE,EMERGENCY,impact,b5bb095f-5003-4b6d-92c2-eb03408fba9e,TRUE,TRUE,TRUE,,
e31d40de-a4bc-4db8-8788-da8d3f25986c,28,e7e1819f-53df-4701-8f1c-b17b2d775b99,ios,Kayla’s IPhone,2026-04-17T00:44:58.874000,1.371328554,7.101446498,1.866755105,-0.293323982,-0.515298693,10.30542655,0,FALSE,TRUE,FALSE,UNSTABLE,EMERGENCY,impact,feb1ee7e-ffb7-4fe1-8a82-f7af9fb7e937,TRUE,TRUE,TRUE,,
e31d40de-a4bc-4db8-8788-da8d3f25986c,28,e7e1819f-53df-4701-8f1c-b17b2d775b99,ios,Kayla’s IPhone,2026-04-17T00:44:58.874000,1.371328554,7.101446498,1.866755105,-0.293323982,-0.515298693,10.30542655,0,FALSE,TRUE,FALSE,UNSTABLE,EMERGENCY,impact,feb1ee7e-ffb7-4fe1-8a82-f7af9fb7e937,TRUE,TRUE,TRUE,,
5ed2f209-2a95-4733-ab25-e32799b340ff,29,e7e1819f-53df-4701-8f1c-b17b2d775b99,ios,Kayla’s IPhone,2026-04-17T00:44:59.168000,1.37521427,5.748578153,0.85691201,-0.108234085,-0.403211425,9.291697739,0,FALSE,TRUE,FALSE,UNSTABLE,EMERGENCY,impact,d01be2ad-ab2b-4c2d-8160-2d7b35256165,TRUE,TRUE,TRUE,,
5ed2f209-2a95-4733-ab25-e32799b340ff,29,e7e1819f-53df-4701-8f1c-b17b2d775b99,ios,Kayla’s IPhone,2026-04-17T00:44:59.168000,1.37521427,5.748578153,0.85691201,-0.108234085,-0.403211425,9.291697739,0,FALSE,TRUE,FALSE,UNSTABLE,EMERGENCY,impact,d01be2ad-ab2b-4c2d-8160-2d7b35256165,TRUE,TRUE,TRUE,,
32ba2380-9391-4d32-9a76-0bd1fa1d17db,30,e7e1819f-53df-4701-8f1c-b17b2d775b99,ios,Kayla’s IPhone,2026-04-17T00:44:59.429000,1.678838851,4.531710153,1.164168346,-0.123765248,-0.336957013,9.295329495,67,FALSE,TRUE,FALSE,UNSTABLE,EMERGENCY,impact,20602006-e21b-45cb-92e4-50258815cb51,TRUE,TRUE,TRUE,,
32ba2380-9391-4d32-9a76-0bd1fa1d17db,30,e7e1819f-53df-4701-8f1c-b17b2d775b99,ios,Kayla’s IPhone,2026-04-17T00:44:59.429000,1.678838851,4.531710153,1.164168346,-0.123765248,-0.336957013,9.295329495,67,FALSE,TRUE,FALSE,UNSTABLE,EMERGENCY,impact,20602006-e21b-45cb-92e4-50258815cb51,TRUE,TRUE,TRUE,,
6ef9e443-b249-42c4-9e69-96f4c1a5f16b,31,e7e1819f-53df-4701-8f1c-b17b2d775b99,ios,Kayla’s IPhone,2026-04-17T00:45:02.038000,1.001789422,-0.01513785,0.085285,-1.243943836,0.590525663,8.893495578,2014,FALSE,FALSE,FALSE,STILL,GRACEFUL,stable_window,c895cc9d-6bee-4d64-846b-34b79ab5ef78,TRUE,TRUE,TRUE,,
6ef9e443-b249-42c4-9e69-96f4c1a5f16b,31,e7e1819f-53df-4701-8f1c-b17b2d775b99,ios,Kayla’s IPhone,2026-04-17T00:45:02.038000,1.001789422,-0.01513785,0.085285,-1.243943836,0.590525663,8.893495578,2014,FALSE,FALSE,FALSE,STILL,GRACEFUL,stable_window,c895cc9d-6bee-4d64-846b-34b79ab5ef78,TRUE,TRUE,TRUE,,
86711b77-79d9-41ae-a0af-f786eab11885,32,e7e1819f-53df-4701-8f1c-b17b2d775b99,ios,Kayla’s IPhone,2026-04-17T00:45:04.125000,1.145817567,5.228971213,1.23910389,-0.965184246,-0.326606165,9.903286323,0,FALSE,TRUE,FALSE,UNSTABLE,EMERGENCY,impact,8f3ebebc-a53f-4b52-8a39-ca84718f046b,TRUE,TRUE,TRUE,,
86711b77-79d9-41ae-a0af-f786eab11885,32,e7e1819f-53df-4701-8f1c-b17b2d775b99,ios,Kayla’s IPhone,2026-04-17T00:45:04.125000,1.145817567,5.228971213,1.23910389,-0.965184246,-0.326606165,9.903286323,0,FALSE,TRUE,FALSE,UNSTABLE,EMERGENCY,impact,8f3ebebc-a53f-4b52-8a39-ca84718f046b,TRUE,TRUE,TRUE,,
fca05fd4-2b7e-4e1c-8426-2572ce1348aa,33,e7e1819f-53df-4701-8f1c-b17b2d775b99,ios,Kayla’s IPhone,2026-04-17T00:45:04.868000,1.69560302,4.969904691,0.841651809,-0.118636513,-0.385887782,8.956048789,0,FALSE,TRUE,FALSE,UNSTABLE,EMERGENCY,impact,4e4f30fc-559e-4b61-80eb-3d0c928cd7ef,TRUE,TRUE,TRUE,,
fca05fd4-2b7e-4e1c-8426-2572ce1348aa,33,e7e1819f-53df-4701-8f1c-b17b2d775b99,ios,Kayla’s IPhone,2026-04-17T00:45:04.868000,1.69560302,4.969904691,0.841651809,-0.118636513,-0.385887782,8.956048789,0,FALSE,TRUE,FALSE,UNSTABLE,EMERGENCY,impact,4e4f30fc-559e-4b61-80eb-3d0c928cd7ef,TRUE,TRUE,TRUE,,
e6cfd4f8-4590-4626-aa6c-ddec242bce3f,34,e7e1819f-53df-4701-8f1c-b17b2d775b99,ios,Kayla’s IPhone,2026-04-17T00:45:07.679000,0.972322838,-0.071308269,0.50490797,-0.40076052,0.785763178,9.342585132,1568,FALSE,FALSE,FALSE,STILL,GRACEFUL,stable_window,1227c619-763a-4f39-8687-b9c8298f2796,TRUE,TRUE,TRUE,,
e6cfd4f8-4590-4626-aa6c-ddec242bce3f,34,e7e1819f-53df-4701-8f1c-b17b2d775b99,ios,Kayla’s IPhone,2026-04-17T00:45:07.679000,0.972322838,-0.071308269,0.50490797,-0.40076052,0.785763178,9.342585132,1568,FALSE,FALSE,FALSE,STILL,GRACEFUL,stable_window,1227c619-763a-4f39-8687-b9c8298f2796,TRUE,TRUE,TRUE,,
d07f5735-213d-4b03-b97f-5fc0686b3a76,35,e7e1819f-53df-4701-8f1c-b17b2d775b99,ios,Kayla’s IPhone,2026-04-17T00:45:09.782000,0.652073074,3.694978619,2.610089393,-1.771858724,1.138614236,11.76801632,0,FALSE,TRUE,FALSE,UNSTABLE,EMERGENCY,impact,30e628fa-65d5-469c-8faf-ce1ad352d0cd,TRUE,TRUE,TRUE,,
d07f5735-213d-4b03-b97f-5fc0686b3a76,35,e7e1819f-53df-4701-8f1c-b17b2d775b99,ios,Kayla’s IPhone,2026-04-17T00:45:09.782000,0.652073074,3.694978619,2.610089393,-1.771858724,1.138614236,11.76801632,0,FALSE,TRUE,FALSE,UNSTABLE,EMERGENCY,impact,30e628fa-65d5-469c-8faf-ce1ad352d0cd,TRUE,TRUE,TRUE,,
34ed3585-2313-4ab7-8c87-f8ebf93e0b4a,36,e7e1819f-53df-4701-8f1c-b17b2d775b99,ios,Kayla’s IPhone,2026-04-17T00:45:10.050000,1.273295556,10.87493809,1.428139251,-1.97634569,0.975830984,9.964843695,0,FALSE,TRUE,FALSE,UNSTABLE,EMERGENCY,impact,64676066-af18-441c-b994-eebcced06b2f,TRUE,TRUE,TRUE,,
34ed3585-2313-4ab7-8c87-f8ebf93e0b4a,36,e7e1819f-53df-4701-8f1c-b17b2d775b99,ios,Kayla’s IPhone,2026-04-17T00:45:10.050000,1.273295556,10.87493809,1.428139251,-1.97634569,0.975830984,9.964843695,0,FALSE,TRUE,FALSE,UNSTABLE,EMERGENCY,impact,64676066-af18-441c-b994-eebcced06b2f,TRUE,TRUE,TRUE,,
fb4041c4-2f41-44ec-952b-a373ba6b4ba3,37,e7e1819f-53df-4701-8f1c-b17b2d775b99,ios,Kayla’s IPhone,2026-04-17T00:45:12.569000,0.877202726,-0.421760258,0.071357531,-2.65693049,0.468573866,9.004154805,2353,FALSE,FALSE,FALSE,STILL,GRACEFUL,stable_window,46688831-230e-422d-bf40-2ae9f4068eca,TRUE,TRUE,TRUE,,
fb4041c4-2f41-44ec-952b-a373ba6b4ba3,37,e7e1819f-53df-4701-8f1c-b17b2d775b99,ios,Kayla’s IPhone,2026-04-17T00:45:12.569000,0.877202726,-0.421760258,0.071357531,-2.65693049,0.468573866,9.004154805,2353,FALSE,FALSE,FALSE,STILL,GRACEFUL,stable_window,46688831-230e-422d-bf40-2ae9f4068eca,TRUE,TRUE,TRUE,,
3d523b60-3442-4b5d-a35c-7a5ec4f1903f,38,e7e1819f-53df-4701-8f1c-b17b2d775b99,ios,Kayla’s IPhone,2026-04-17T00:45:13.591000,0.325649627,-0.716152587,0.354768603,-2.712024417,0.501954109,9.839118976,0,TRUE,FALSE,FALSE,UNSTABLE,EMERGENCY,free_fall,4405697a-06be-4e8d-bea7-40910f74f602,TRUE,TRUE,TRUE,,
3d523b60-3442-4b5d-a35c-7a5ec4f1903f,38,e7e1819f-53df-4701-8f1c-b17b2d775b99,ios,Kayla’s IPhone,2026-04-17T00:45:13.591000,0.325649627,-0.716152587,0.354768603,-2.712024417,0.501954109,9.839118976,0,TRUE,FALSE,FALSE,UNSTABLE,EMERGENCY,free_fall,4405697a-06be-4e8d-bea7-40910f74f602,TRUE,TRUE,TRUE,,
7513378d-855f-49e7-b443-cc594fd1feda,39,e7e1819f-53df-4701-8f1c-b17b2d775b99,ios,Kayla’s IPhone,2026-04-17T00:45:13.856000,0.273682787,-0.775624471,0.483715359,-2.739946848,0.508435092,10.02003257,0,TRUE,FALSE,FALSE,UNSTABLE,EMERGENCY,free_fall,acdb902c-01f4-4b96-a01e-58fd5f366cba,TRUE,TRUE,TRUE,,
7513378d-855f-49e7-b443-cc594fd1feda,39,e7e1819f-53df-4701-8f1c-b17b2d775b99,ios,Kayla’s IPhone,2026-04-17T00:45:13.856000,0.273682787,-0.775624471,0.483715359,-2.739946848,0.508435092,10.02003257,0,TRUE,FALSE,FALSE,UNSTABLE,EMERGENCY,free_fall,acdb902c-01f4-4b96-a01e-58fd5f366cba,TRUE,TRUE,TRUE,,
b5e72e0c-9bbf-46ac-a150-313d16756a36,40,e7e1819f-53df-4701-8f1c-b17b2d775b99,ios,Kayla’s IPhone,2026-04-17T00:45:14.121000,0.373187472,1.363077872,0.473510189,-2.769236949,0.518207337,9.910322718,0,TRUE,FALSE,FALSE,UNSTABLE,EMERGENCY,free_fall,963f843a-33dc-4e4c-9373-628ebd0982e5,TRUE,TRUE,TRUE,,
b5e72e0c-9bbf-46ac-a150-313d16756a36,40,e7e1819f-53df-4701-8f1c-b17b2d775b99,ios,Kayla’s IPhone,2026-04-17T00:45:14.121000,0.373187472,1.363077872,0.473510189,-2.769236949,0.518207337,9.910322718,0,TRUE,FALSE,FALSE,UNSTABLE,EMERGENCY,free_fall,963f843a-33dc-4e4c-9373-628ebd0982e5,TRUE,TRUE,TRUE,,
ad5612b0-ffb1-4cd4-a87d-2154ee865b03,41,e7e1819f-53df-4701-8f1c-b17b2d775b99,ios,Kayla’s IPhone,2026-04-17T00:45:14.384000,0.4655166,1.214856951,0.35625889,-2.793944472,0.522695813,9.70074229,0,TRUE,FALSE,FALSE,UNSTABLE,EMERGENCY,free_fall,7e8ce2c7-dda4-438e-a400-b494719aac0c,TRUE,TRUE,TRUE,,
ad5612b0-ffb1-4cd4-a87d-2154ee865b03,41,e7e1819f-53df-4701-8f1c-b17b2d775b99,ios,Kayla’s IPhone,2026-04-17T00:45:14.384000,0.4655166,1.214856951,0.35625889,-2.793944472,0.522695813,9.70074229,0,TRUE,FALSE,FALSE,UNSTABLE,EMERGENCY,free_fall,7e8ce2c7-dda4-438e-a400-b494719aac0c,TRUE,TRUE,TRUE,,
20cd9186-911e-4e42-b837-4be38583fe50,42,e7e1819f-53df-4701-8f1c-b17b2d775b99,ios,Kayla’s IPhone,2026-04-17T00:45:18.253000,0.322032238,-0.21417962,4.008856488,-2.922186676,0.24339325,13.49682425,0,TRUE,FALSE,FALSE,UNSTABLE,EMERGENCY,free_fall,a5412c4c-4249-4f0e-b1e6-c37fa983f99a,TRUE,TRUE,TRUE,,
20cd9186-911e-4e42-b837-4be38583fe50,42,e7e1819f-53df-4701-8f1c-b17b2d775b99,ios,Kayla’s IPhone,2026-04-17T00:45:18.253000,0.322032238,-0.21417962,4.008856488,-2.922186676,0.24339325,13.49682425,0,TRUE,FALSE,FALSE,UNSTABLE,EMERGENCY,free_fall,a5412c4c-4249-4f0e-b1e6-c37fa983f99a,TRUE,TRUE,TRUE,,
ae9ea797-772a-4bb2-abc0-2d1766881c42,43,e7e1819f-53df-4701-8f1c-b17b2d775b99,ios,Kayla’s IPhone,2026-04-17T00:45:18.527000,0.274601297,-0.707924494,4.244591166,-2.989424813,-0.020385614,13.77998987,0,TRUE,FALSE,FALSE,UNSTABLE,EMERGENCY,free_fall,4fa86e66-18aa-49fa-aa71-bc4f4454fa54,TRUE,TRUE,TRUE,,
ae9ea797-772a-4bb2-abc0-2d1766881c42,43,e7e1819f-53df-4701-8f1c-b17b2d775b99,ios,Kayla’s IPhone,2026-04-17T00:45:18.527000,0.274601297,-0.707924494,4.244591166,-2.989424813,-0.020385614,13.77998987,0,TRUE,FALSE,FALSE,UNSTABLE,EMERGENCY,free_fall,4fa86e66-18aa-49fa-aa71-bc4f4454fa54,TRUE,TRUE,TRUE,,
1a28a21c-f7e4-42af-a42a-82aa6535f812,44,e7e1819f-53df-4701-8f1c-b17b2d775b99,ios,Kayla’s IPhone,2026-04-17T00:45:18.787000,0.714295787,6.562604328,3.441834122,-3.048561031,-0.226701992,12.53753833,0,FALSE,TRUE,FALSE,UNSTABLE,EMERGENCY,impact,53232c23-97f0-4351-8bb1-3651df1c3ea5,TRUE,TRUE,TRUE,,
1a28a21c-f7e4-42af-a42a-82aa6535f812,44,e7e1819f-53df-4701-8f1c-b17b2d775b99,ios,Kayla’s IPhone,2026-04-17T00:45:18.787000,0.714295787,6.562604328,3.441834122,-3.048561031,-0.226701992,12.53753833,0,FALSE,TRUE,FALSE,UNSTABLE,EMERGENCY,impact,53232c23-97f0-4351-8bb1-3651df1c3ea5,TRUE,TRUE,TRUE,,
eef4463e-7420-4e21-8baf-e838aee2a123,45,e7e1819f-53df-4701-8f1c-b17b2d775b99,ios,Kayla’s IPhone,2026-04-17T00:45:21.327000,1.019325474,0.104004361,0.109815222,-3.193494841,-0.527872352,8.900489749,2159,FALSE,FALSE,FALSE,STILL,GRACEFUL,stable_window,df2ebfa6-9f03-4228-9440-427959b0dfb8,TRUE,TRUE,TRUE,,
eef4463e-7420-4e21-8baf-e838aee2a123,45,e7e1819f-53df-4701-8f1c-b17b2d775b99,ios,Kayla’s IPhone,2026-04-17T00:45:21.327000,1.019325474,0.104004361,0.109815222,-3.193494841,-0.527872352,8.900489749,2159,FALSE,FALSE,FALSE,STILL,GRACEFUL,stable_window,df2ebfa6-9f03-4228-9440-427959b0dfb8,TRUE,TRUE,TRUE,,
023e5fc3-2a6d-4fe0-855e-99b7a28ceb99,46,e7e1819f-53df-4701-8f1c-b17b2d775b99,ios,Kayla’s IPhone,2026-04-17T00:45:24.258000,0.411420727,0.047895919,0.409089013,-3.124482343,-0.121940279,9.807668286,0,TRUE,FALSE,FALSE,UNSTABLE,EMERGENCY,free_fall,77dab5ba-f0a0-402b-b01e-ab3679bb3e0d,TRUE,TRUE,TRUE,,
023e5fc3-2a6d-4fe0-855e-99b7a28ceb99,46,e7e1819f-53df-4701-8f1c-b17b2d775b99,ios,Kayla’s IPhone,2026-04-17T00:45:24.258000,0.411420727,0.047895919,0.409089013,-3.124482343,-0.121940279,9.807668286,0,TRUE,FALSE,FALSE,UNSTABLE,EMERGENCY,free_fall,77dab5ba-f0a0-402b-b01e-ab3679bb3e0d,TRUE,TRUE,TRUE,,
aea9de96-e4c5-4471-92da-f943e2949a8b,47,e7e1819f-53df-4701-8f1c-b17b2d775b99,ios,Kayla’s IPhone,2026-04-17T00:45:26.760000,0.990892934,0.044384457,0.253865745,-3.071359966,0.183491371,9.072972811,2370,FALSE,FALSE,FALSE,STILL,GRACEFUL,stable_window,4985fb2a-9fc8-42ad-bd2a-59886545b65e,TRUE,TRUE,TRUE,,
aea9de96-e4c5-4471-92da-f943e2949a8b,47,e7e1819f-53df-4701-8f1c-b17b2d775b99,ios,Kayla’s IPhone,2026-04-17T00:45:26.760000,0.990892934,0.044384457,0.253865745,-3.071359966,0.183491371,9.072972811,2370,FALSE,FALSE,FALSE,STILL,GRACEFUL,stable_window,4985fb2a-9fc8-42ad-bd2a-59886545b65e,TRUE,TRUE,TRUE,,
f541489e-d387-403c-841b-8de816d8ded5,48,e7e1819f-53df-4701-8f1c-b17b2d775b99,ios,Kayla’s IPhone,2026-04-17T00:45:32.914000,2.196451448,23.98709716,2.380112504,-3.056378075,0.074907451,9.993661056,0,FALSE,TRUE,FALSE,UNSTABLE,EMERGENCY,impact,aac1d802-5607-46c1-b66e-cef2e696110d,TRUE,TRUE,TRUE,,
f541489e-d387-403c-841b-8de816d8ded5,48,e7e1819f-53df-4701-8f1c-b17b2d775b99,ios,Kayla’s IPhone,2026-04-17T00:45:32.914000,2.196451448,23.98709716,2.380112504,-3.056378075,0.074907451,9.993661056,0,FALSE,TRUE,FALSE,UNSTABLE,EMERGENCY,impact,aac1d802-5607-46c1-b66e-cef2e696110d,TRUE,TRUE,TRUE,,
3658d6e5-8d43-421a-8387-76e74e5e8070,49,e7e1819f-53df-4701-8f1c-b17b2d775b99,ios,Kayla’s IPhone,2026-04-17T00:45:35.400000,1.000062618,-0.024738826,0.212827934,-2.973372706,-0.033414898,9.022765317,2264,FALSE,FALSE,FALSE,STILL,GRACEFUL,stable_window,b13b5641-cb95-4bb3-8f20-8278b107ac77,TRUE,TRUE,TRUE,,
3658d6e5-8d43-421a-8387-76e74e5e8070,49,e7e1819f-53df-4701-8f1c-b17b2d775b99,ios,Kayla’s IPhone,2026-04-17T00:45:35.400000,1.000062618,-0.024738826,0.212827934,-2.973372706,-0.033414898,9.022765317,2264,FALSE,FALSE,FALSE,STILL,GRACEFUL,stable_window,b13b5641-cb95-4bb3-8f20-8278b107ac77,TRUE,TRUE,TRUE,,
3c56accb-c5b9-4b47-8842-13e120b95424,50,e7e1819f-53df-4701-8f1c-b17b2d775b99,ios,Kayla’s IPhone,2026-04-17T00:45:38.668000,1.039135187,7.067236231,0.636798665,-3.122066079,-0.014509246,9.407663478,0,FALSE,TRUE,FALSE,UNSTABLE,EMERGENCY,impact,b6a16261-dc98-4b34-91c2-2f511fcaae24,TRUE,TRUE,TRUE,,
3c56accb-c5b9-4b47-8842-13e120b95424,50,e7e1819f-53df-4701-8f1c-b17b2d775b99,ios,Kayla’s IPhone,2026-04-17T00:45:38.668000,1.039135187,7.067236231,0.636798665,-3.122066079,-0.014509246,9.407663478,0,FALSE,TRUE,FALSE,UNSTABLE,EMERGENCY,impact,b6a16261-dc98-4b34-91c2-2f511fcaae24,TRUE,TRUE,TRUE,,
8b215c1b-754b-4fea-bcdf-8193c165b04b,51,e7e1819f-53df-4701-8f1c-b17b2d775b99,ios,Kayla’s IPhone,2026-04-17T00:45:41.151000,0.993378703,-0.180208322,0.163020268,-3.226790583,0.247743835,8.979641565,2521,FALSE,FALSE,FALSE,STILL,GRACEFUL,stable_window,3825487c-fad6-47a8-bef1-a2765b6e93bb,TRUE,TRUE,TRUE,,
8b215c1b-754b-4fea-bcdf-8193c165b04b,51,e7e1819f-53df-4701-8f1c-b17b2d775b99,ios,Kayla’s IPhone,2026-04-17T00:45:41.151000,0.993378703,-0.180208322,0.163020268,-3.226790583,0.247743835,8.979641565,2521,FALSE,FALSE,FALSE,STILL,GRACEFUL,stable_window,3825487c-fad6-47a8-bef1-a2765b6e93bb,TRUE,TRUE,TRUE,,
11403687-a51f-4829-b454-d2d3baa414eb,52,e7e1819f-53df-4701-8f1c-b17b2d775b99,ios,Kayla’s IPhone,2026-04-17T00:45:43.369000,1.817551524,15.54070038,1.535394639,-3.15763986,0.526863004,9.527843115,0,FALSE,TRUE,FALSE,UNSTABLE,EMERGENCY,impact,b92d04e6-8a09-41a1-a54a-a597d1bc1c14,TRUE,TRUE,TRUE,,
11403687-a51f-4829-b454-d2d3baa414eb,52,e7e1819f-53df-4701-8f1c-b17b2d775b99,ios,Kayla’s IPhone,2026-04-17T00:45:43.369000,1.817551524,15.54070038,1.535394639,-3.15763986,0.526863004,9.527843115,0,FALSE,TRUE,FALSE,UNSTABLE,EMERGENCY,impact,b92d04e6-8a09-41a1-a54a-a597d1bc1c14,TRUE,TRUE,TRUE,,
9490b6d1-e0ce-465c-88d3-6b2c1d85d6b6,53,e7e1819f-53df-4701-8f1c-b17b2d775b99,ios,Kayla’s IPhone,2026-04-17T00:45:45.928000,1.034687925,0.009684078,0.579157817,-3.167555571,0.935181941,9.354469892,2247,FALSE,FALSE,FALSE,STILL,GRACEFUL,stable_window,da1b58d0-db91-4f1b-8988-fd67c417293a,TRUE,TRUE,TRUE,,
9490b6d1-e0ce-465c-88d3-6b2c1d85d6b6,53,e7e1819f-53df-4701-8f1c-b17b2d775b99,ios,Kayla’s IPhone,2026-04-17T00:45:45.928000,1.034687925,0.009684078,0.579157817,-3.167555571,0.935181941,9.354469892,2247,FALSE,FALSE,FALSE,STILL,GRACEFUL,stable_window,da1b58d0-db91-4f1b-8988-fd67c417293a,TRUE,TRUE,TRUE,,
4b0e2326-ab6f-4b13-8db6-2a618407786f,54,e7e1819f-53df-4701-8f1c-b17b2d775b99,ios,Kayla’s IPhone,2026-04-17T00:45:49.935000,2.331062233,26.07232334,0.77323159,-3.055358811,0.335312647,8.252169356,0,FALSE,TRUE,FALSE,UNSTABLE,EMERGENCY,impact,b487be8e-04d9-4ac3-954c-1ad480f0ec24,TRUE,TRUE,TRUE,,
4b0e2326-ab6f-4b13-8db6-2a618407786f,54,e7e1819f-53df-4701-8f1c-b17b2d775b99,ios,Kayla’s IPhone,2026-04-17T00:45:49.935000,2.331062233,26.07232334,0.77323159,-3.055358811,0.335312647,8.252169356,0,FALSE,TRUE,FALSE,UNSTABLE,EMERGENCY,impact,b487be8e-04d9-4ac3-954c-1ad480f0ec24,TRUE,TRUE,TRUE,,
9c45c125-816d-4001-a850-b744436b03a2,55,e7e1819f-53df-4701-8f1c-b17b2d775b99,ios,Kayla’s IPhone,2026-04-17T00:45:50.248000,2.310609278,4.94305405,0.882031461,-3.030518312,0.345052614,8.381422182,130,FALSE,TRUE,FALSE,UNSTABLE,EMERGENCY,impact,7e896d46-19e3-438c-8b08-35ec0dbf88c4,TRUE,TRUE,TRUE,,
9c45c125-816d-4001-a850-b744436b03a2,55,e7e1819f-53df-4701-8f1c-b17b2d775b99,ios,Kayla’s IPhone,2026-04-17T00:45:50.248000,2.310609278,4.94305405,0.882031461,-3.030518312,0.345052614,8.381422182,130,FALSE,TRUE,FALSE,UNSTABLE,EMERGENCY,impact,7e896d46-19e3-438c-8b08-35ec0dbf88c4,TRUE,TRUE,TRUE,,
2ae8b0c5-5069-4bc8-b93d-5b01868fe06b,56,e7e1819f-53df-4701-8f1c-b17b2d775b99,ios,Kayla’s IPhone,2026-04-17T00:45:52.773000,1.01000215,-0.046336095,0.115631893,-2.999188286,0.389125842,8.915629743,2877,FALSE,FALSE,FALSE,STILL,GRACEFUL,stable_window,2fd5163a-11e0-445b-a7f3-09e9c138ce1f,TRUE,TRUE,TRUE,,
2ae8b0c5-5069-4bc8-b93d-5b01868fe06b,56,e7e1819f-53df-4701-8f1c-b17b2d775b99,ios,Kayla’s IPhone,2026-04-17T00:45:52.773000,1.01000215,-0.046336095,0.115631893,-2.999188286,0.389125842,8.915629743,2877,FALSE,FALSE,FALSE,STILL,GRACEFUL,stable_window,2fd5163a-11e0-445b-a7f3-09e9c138ce1f,TRUE,TRUE,TRUE,,
41f10637-34f9-4256-8346-8d4ce3dae4e6,57,e7e1819f-53df-4701-8f1c-b17b2d775b99,ios,Kayla’s IPhone,2026-04-17T00:45:57.159000,1.068446239,6.646513578,7.120470838,-2.773206444,-0.080691397,15.8620246,0,FALSE,TRUE,FALSE,UNSTABLE,EMERGENCY,impact,b3c1d90d-841f-4522-95d3-012b66819692,TRUE,TRUE,TRUE,,
41f10637-34f9-4256-8346-8d4ce3dae4e6,57,e7e1819f-53df-4701-8f1c-b17b2d775b99,ios,Kayla’s IPhone,2026-04-17T00:45:57.159000,1.068446239,6.646513578,7.120470838,-2.773206444,-0.080691397,15.8620246,0,FALSE,TRUE,FALSE,UNSTABLE,EMERGENCY,impact,b3c1d90d-841f-4522-95d3-012b66819692,TRUE,TRUE,TRUE,,
45905601-36bc-466a-8d10-9a3792d5f8ae,58,e7e1819f-53df-4701-8f1c-b17b2d775b99,ios,Kayla’s IPhone,2026-04-17T00:45:59.682000,1.008180917,0.083720498,0.027672844,-2.913805048,-1.191610762,8.829491926,1564,FALSE,FALSE,FALSE,STILL,GRACEFUL,stable_window,6977c216-d6c4-417e-88ad-c422da743bbc,TRUE,TRUE,TRUE,,
45905601-36bc-466a-8d10-9a3792d5f8ae,58,e7e1819f-53df-4701-8f1c-b17b2d775b99,ios,Kayla’s IPhone,2026-04-17T00:45:59.682000,1.008180917,0.083720498,0.027672844,-2.913805048,-1.191610762,8.829491926,1564,FALSE,FALSE,FALSE,STILL,GRACEFUL,stable_window,6977c216-d6c4-417e-88ad-c422da743bbc,TRUE,TRUE,TRUE,,
b74d57c1-5016-4d2d-b5bb-4cccb2159193,59,e7e1819f-53df-4701-8f1c-b17b2d775b99,ios,Kayla’s IPhone,2026-04-17T00:46:02.277000,0.985025527,-0.174205108,0.065162264,-0.321344779,-0.426489542,8.890136738,1731,FALSE,FALSE,FALSE,STILL,GRACEFUL,stable_window,bb0dac05-1605-4ffd-9d9b-05b363d07f78,TRUE,TRUE,TRUE,,
b74d57c1-5016-4d2d-b5bb-4cccb2159193,59,e7e1819f-53df-4701-8f1c-b17b2d775b99,ios,Kayla’s IPhone,2026-04-17T00:46:02.277000,0.985025527,-0.174205108,0.065162264,-0.321344779,-0.426489542,8.890136738,1731,FALSE,FALSE,FALSE,STILL,GRACEFUL,stable_window,bb0dac05-1605-4ffd-9d9b-05b363d07f78,TRUE,TRUE,TRUE,,
2684d4fc-d172-4f34-9d24-b1b0e1ebace7,60,e7e1819f-53df-4701-8f1c-b17b2d775b99,ios,Kayla’s IPhone,2026-04-17T00:46:03.563000,1.305800119,12.64077953,2.821737702,-0.872575585,-0.320422401,11.32593758,0,FALSE,TRUE,FALSE,UNSTABLE,EMERGENCY,impact,65c3cd56-eccd-418b-b5a8-50009cb6a99f,TRUE,TRUE,TRUE,,
2684d4fc-d172-4f34-9d24-b1b0e1ebace7,60,e7e1819f-53df-4701-8f1c-b17b2d775b99,ios,Kayla’s IPhone,2026-04-17T00:46:03.563000,1.305800119,12.64077953,2.821737702,-0.872575585,-0.320422401,11.32593758,0,FALSE,TRUE,FALSE,UNSTABLE,EMERGENCY,impact,65c3cd56-eccd-418b-b5a8-50009cb6a99f,TRUE,TRUE,TRUE,,
8eba9770-ff7d-4039-a6ac-1234480c71b6,61,e7e1819f-53df-4701-8f1c-b17b2d775b99,ios,Kayla’s IPhone,2026-04-17T00:46:06.063000,1.005271971,-0.084711776,0.163805056,-2.024781815,-0.796876517,8.968533085,1898,FALSE,FALSE,FALSE,STILL,GRACEFUL,stable_window,d1d81d05-a67e-41e8-a5cb-ed8a3427ea0a,TRUE,TRUE,TRUE,,
8eba9770-ff7d-4039-a6ac-1234480c71b6,61,e7e1819f-53df-4701-8f1c-b17b2d775b99,ios,Kayla’s IPhone,2026-04-17T00:46:06.063000,1.005271971,-0.084711776,0.163805056,-2.024781815,-0.796876517,8.968533085,1898,FALSE,FALSE,FALSE,STILL,GRACEFUL,stable_window,d1d81d05-a67e-41e8-a5cb-ed8a3427ea0a,TRUE,TRUE,TRUE,,
27f0b5f7-a052-4c67-8a70-452827bd7094,62,e7e1819f-53df-4701-8f1c-b17b2d775b99,ios,Kayla’s IPhone,2026-04-17T00:46:09.026000,1.273596007,11.36785639,1.618534713,-0.772601055,-0.5388669,10.15493871,0,FALSE,TRUE,FALSE,UNSTABLE,EMERGENCY,impact,3e323a1a-53c8-41f1-bb36-0152553cd8b1,TRUE,TRUE,TRUE,,
27f0b5f7-a052-4c67-8a70-452827bd7094,62,e7e1819f-53df-4701-8f1c-b17b2d775b99,ios,Kayla’s IPhone,2026-04-17T00:46:09.026000,1.273596007,11.36785639,1.618534713,-0.772601055,-0.5388669,10.15493871,0,FALSE,TRUE,FALSE,UNSTABLE,EMERGENCY,impact,3e323a1a-53c8-41f1-bb36-0152553cd8b1,TRUE,TRUE,TRUE,,
7ae450e6-afde-4e83-9ad2-0ef91bdcfc83,63,e7e1819f-53df-4701-8f1c-b17b2d775b99,ios,Kayla’s IPhone,2026-04-17T00:46:15.153000,0.997341819,0.003578999,0.017020747,-1.409884097,-0.121935975,8.829678928,1514,FALSE,FALSE,FALSE,STILL,GRACEFUL,stable_window,4f69e8e0-44bf-403a-9522-96ed1486ba54,TRUE,TRUE,TRUE,,
7ae450e6-afde-4e83-9ad2-0ef91bdcfc83,63,e7e1819f-53df-4701-8f1c-b17b2d775b99,ios,Kayla’s IPhone,2026-04-17T00:46:15.153000,0.997341819,0.003578999,0.017020747,-1.409884097,-0.121935975,8.829678928,1514,FALSE,FALSE,FALSE,STILL,GRACEFUL,stable_window,4f69e8e0-44bf-403a-9522-96ed1486ba54,TRUE,TRUE,TRUE,,
b947007b-48cc-4bf0-818c-54d8c5a96835,64,e7e1819f-53df-4701-8f1c-b17b2d775b99,ios,Kayla’s IPhone,2026-04-17T00:46:17.471000,0.817134257,6.202833044,4.785166317,-2.016425051,0.886973843,13.77803206,0,FALSE,TRUE,FALSE,UNSTABLE,EMERGENCY,impact,38d40b39-1f45-4ac1-9075-ec8db7acd0d8,TRUE,TRUE,TRUE,,
b947007b-48cc-4bf0-818c-54d8c5a96835,64,e7e1819f-53df-4701-8f1c-b17b2d775b99,ios,Kayla’s IPhone,2026-04-17T00:46:17.471000,0.817134257,6.202833044,4.785166317,-2.016425051,0.886973843,13.77803206,0,FALSE,TRUE,FALSE,UNSTABLE,EMERGENCY,impact,38d40b39-1f45-4ac1-9075-ec8db7acd0d8,TRUE,TRUE,TRUE,,
0ac19411-78c3-4bda-9c1f-278c5b436681,65,e7e1819f-53df-4701-8f1c-b17b2d775b99,ios,Kayla’s IPhone,2026-04-17T00:46:19.048000,0.364347305,0.218000788,2.248177314,-3.374661743,1.001949371,11.69383001,0,TRUE,FALSE,FALSE,UNSTABLE,EMERGENCY,free_fall,26cdd790-9f66-440b-9c54-efc1661c00aa,TRUE,TRUE,TRUE,,
0ac19411-78c3-4bda-9c1f-278c5b436681,65,e7e1819f-53df-4701-8f1c-b17b2d775b99,ios,Kayla’s IPhone,2026-04-17T00:46:19.048000,0.364347305,0.218000788,2.248177314,-3.374661743,1.001949371,11.69383001,0,TRUE,FALSE,FALSE,UNSTABLE,EMERGENCY,free_fall,26cdd790-9f66-440b-9c54-efc1661c00aa,TRUE,TRUE,TRUE,,
c353f8ed-6568-42e6-9a06-96514e7d99e7,66,e7e1819f-53df-4701-8f1c-b17b2d775b99,ios,Kayla’s IPhone,2026-04-17T00:46:19.327000,0.416540028,0.714968808,1.862985131,-3.444137414,0.892387491,11.2564451,0,TRUE,FALSE,FALSE,UNSTABLE,EMERGENCY,free_fall,1a0be2b2-dd3b-4816-9c1f-6ab4b4484bad,TRUE,TRUE,TRUE,,
c353f8ed-6568-42e6-9a06-96514e7d99e7,66,e7e1819f-53df-4701-8f1c-b17b2d775b99,ios,Kayla’s IPhone,2026-04-17T00:46:19.327000,0.416540028,0.714968808,1.862985131,-3.444137414,0.892387491,11.2564451,0,TRUE,FALSE,FALSE,UNSTABLE,EMERGENCY,free_fall,1a0be2b2-dd3b-4816-9c1f-6ab4b4484bad,TRUE,TRUE,TRUE,,
1948b42f-69f7-4c91-8188-bc4afdf96bda,67,e7e1819f-53df-4701-8f1c-b17b2d775b99,ios,Kayla’s IPhone,2026-04-17T00:46:19.611000,0.482312575,0.996553742,1.558788808,-3.489883398,0.80424723,10.88647623,0,TRUE,FALSE,FALSE,UNSTABLE,EMERGENCY,free_fall,a948bf56-f988-43f4-820e-d5f7da04da7d,TRUE,TRUE,TRUE,,
1948b42f-69f7-4c91-8188-bc4afdf96bda,67,e7e1819f-53df-4701-8f1c-b17b2d775b99,ios,Kayla’s IPhone,2026-04-17T00:46:19.611000,0.482312575,0.996553742,1.558788808,-3.489883398,0.80424723,10.88647623,0,TRUE,FALSE,FALSE,UNSTABLE,EMERGENCY,free_fall,a948bf56-f988-43f4-820e-d5f7da04da7d,TRUE,TRUE,TRUE,,
b19d2218-149d-4cfc-930b-86aaede6c301,68,e7e1819f-53df-4701-8f1c-b17b2d775b99,ios,Kayla’s IPhone,2026-04-17T02:13:06.418000,0.971905758,-1.57E-06,0.061999001,-3.20948012,-0.001046642,8.900093243,5206561,FALSE,FALSE,FALSE,STILL,GRACEFUL,stable_window,a00f1b7e-b33b-47f4-b239-8a343cfdeead,TRUE,TRUE,TRUE,,
93f7d273-9e80-4043-99a9-6ba78e61114c,69,e7e1819f-53df-4701-8f1c-b17b2d775b99,ios,Kayla’s IPhone,2026-04-17T02:13:12.540000,0.956918707,7.862079388,0.720220497,-3.364650038,0.21670285,9.57330179,0,FALSE,TRUE,FALSE,UNSTABLE,EMERGENCY,impact,9beeb87b-0b83-434a-be8d-27829680120a,TRUE,TRUE,TRUE,,
d8272cac-ef63-469a-a37c-caa3d17c39b2,70,e7e1819f-53df-4701-8f1c-b17b2d775b99,ios,Kayla’s IPhone,2026-04-17T02:13:12.819000,1.124156549,3.910899582,0.456484057,-3.360762539,0.200553523,9.142327509,0,FALSE,TRUE,FALSE,UNSTABLE,EMERGENCY,impact,64c6abff-581b-4a26-a6a1-6a553e59d198,TRUE,TRUE,TRUE,,
57374cbf-e397-475d-a41d-328180d1cd45,71,e7e1819f-53df-4701-8f1c-b17b2d775b99,ios,Kayla’s IPhone,2026-04-17T02:13:15.333000,1.104548662,0.551548037,0.100654261,-3.19063471,0.1339371,8.806105599,2551,FALSE,FALSE,FALSE,STILL,GRACEFUL,stable_window,0248575a-3a60-4f20-b5cb-f8dd1fea35c7,TRUE,TRUE,TRUE,,
27f9525b-49bc-4525-81b1-600fa05b146a,72,e7e1819f-53df-4701-8f1c-b17b2d775b99,ios,Kayla’s IPhone,2026-04-17T02:13:18.178000,0.734103228,4.583812398,0.735111303,-2.965131443,0.233548323,9.811008076,0,FALSE,TRUE,FALSE,UNSTABLE,EMERGENCY,impact,bb508aa3-7177-4ae4-84f5-c814eded2fca,TRUE,TRUE,TRUE,,
bc154cc0-9d3c-4ab6-b48e-bb7028922b6d,73,e7e1819f-53df-4701-8f1c-b17b2d775b99,ios,Kayla’s IPhone,2026-04-17T02:13:18.482000,0.377235347,0.00563856,0.687920656,-2.855676692,0.056052955,10.12068531,0,TRUE,FALSE,FALSE,UNSTABLE,EMERGENCY,free_fall,dc904a33-9d45-4b50-a802-983432de7a28,TRUE,TRUE,TRUE,,
dc06c4c9-ea32-420d-86e9-29f3106f87d6,74,e7e1819f-53df-4701-8f1c-b17b2d775b99,ios,Kayla’s IPhone,2026-04-17T02:13:18.765000,0.421817763,0.665409197,0.185853914,-2.853662551,0.048656779,9.574036151,0,TRUE,FALSE,FALSE,UNSTABLE,EMERGENCY,free_fall,abfcd917-9def-49c6-a3ba-40f8628b3c58,TRUE,TRUE,TRUE,,
b81f32f2-4802-47eb-9cae-6dbddc6534d4,75,e7e1819f-53df-4701-8f1c-b17b2d775b99,ios,Kayla’s IPhone,2026-04-17T02:13:19.111000,0.461355143,0.59905121,0.109964098,-2.854823828,0.049100437,9.458608955,0,TRUE,FALSE,FALSE,UNSTABLE,EMERGENCY,free_fall,01d61ac3-8844-4dab-8a3b-6d9f8af5f87d,TRUE,TRUE,TRUE,,
2e3511a7-3ddf-4444-97f2-9a8bbe371f29,76,e7e1819f-53df-4701-8f1c-b17b2d775b99,ios,Kayla’s IPhone,2026-04-17T02:13:21.741000,1.000438063,0.008429525,0.038870205,-2.958649972,-0.067465299,8.848432142,2514,FALSE,FALSE,FALSE,STILL,GRACEFUL,stable_window,16e5f0af-9fff-4ce1-a954-d0ab7eb9196f,TRUE,TRUE,TRUE,,
d4a21065-72f9-47f6-9584-14432564e720,77,e7e1819f-53df-4701-8f1c-b17b2d775b99,ios,Kayla’s IPhone,2026-04-17T02:13:24.522000,1.580052523,16.66557673,4.434084238,-2.946069671,0.322295563,12.66403172,0,FALSE,TRUE,FALSE,UNSTABLE,EMERGENCY,impact,6bd41c10-4d39-45da-9fa8-70d83d0fc598,TRUE,TRUE,TRUE,,
2e16ca94-da2f-4345-a0ab-dda7443c8fd3,78,e7e1819f-53df-4701-8f1c-b17b2d775b99,ios,Kayla’s IPhone,2026-04-17T02:13:24.836000,1.54197002,4.19881631,3.231889755,-3.115054609,0.923978629,11.49991974,0,FALSE,TRUE,FALSE,UNSTABLE,EMERGENCY,impact,3fbf2718-8192-41e7-811e-08716936a03c,TRUE,TRUE,TRUE,,
ecd80341-ab1b-47dd-bd9a-c412a67e1877,79,e7e1819f-53df-4701-8f1c-b17b2d775b99,ios,Kayla’s IPhone,2026-04-17T02:13:27.503000,1.005429758,0.000456298,0.01069125,-0.162945418,1.001952453,8.815261492,1931,FALSE,FALSE,FALSE,STILL,GRACEFUL,stable_window,385fd7a3-6ad0-4690-8050-c1e6e423eba4,TRUE,TRUE,TRUE,,
aa3f0dc7-4207-4db3-8631-a38451b962d5,80,e7e1819f-53df-4701-8f1c-b17b2d775b99,ios,Kayla’s IPhone,2026-04-17T02:13:31.614000,0.702369612,4.513129903,2.401938454,-0.432222909,0.737193057,11.50956884,0,FALSE,TRUE,FALSE,UNSTABLE,EMERGENCY,impact,a5883676-5188-4197-b5a0-0c5ea1a391aa,TRUE,TRUE,TRUE,,
b9e7915c-9313-4a52-b70a-ee73fca8a103,81,e7e1819f-53df-4701-8f1c-b17b2d775b99,ios,Kayla’s IPhone,2026-04-17T02:13:31.955000,1.011087375,6.160629876,1.59967878,-0.608373231,0.931406066,10.3985914,0,FALSE,TRUE,FALSE,UNSTABLE,EMERGENCY,impact,b815fb73-c0ac-4d9a-9f9f-f828fbe701b3,TRUE,TRUE,TRUE,,
89ea94ad-0a34-4308-b674-4b9b2b8b7e47,82,e7e1819f-53df-4701-8f1c-b17b2d775b99,ios,Kayla’s IPhone,2026-04-17T02:13:34.467000,1.068768052,0.060996846,0.426918066,-2.228805382,0.297168577,9.168150015,2964,FALSE,FALSE,FALSE,STILL,GRACEFUL,stable_window,a3008c0a-6f71-46ab-9ded-40079325cbcc,TRUE,TRUE,TRUE,,
bce84219-fdac-4311-a705-1429a5582690,83,e7e1819f-53df-4701-8f1c-b17b2d775b99,ios,Kayla’s IPhone,2026-04-17T02:13:36.219000,1.77558201,17.71047786,1.171340748,-2.013665881,0.049395949,9.205758738,0,FALSE,TRUE,FALSE,UNSTABLE,EMERGENCY,impact,655f5251-330a-47b4-b9e3-54e7853dd48a,TRUE,TRUE,TRUE,,
ef034da7-39ca-4ee1-906a-d2c72c1fe153,84,e7e1819f-53df-4701-8f1c-b17b2d775b99,ios,Kayla’s IPhone,2026-04-17T02:13:38.791000,1.005296783,0.023398326,0.024709783,-2.624000026,0.038190747,8.829413,2664,FALSE,FALSE,FALSE,STILL,GRACEFUL,stable_window,d25bb4ec-fe83-49d4-83af-c9258bcc532c,TRUE,TRUE,TRUE,,
93d049ae-d4c7-435d-8d23-01aecc95407b,85,e7e1819f-53df-4701-8f1c-b17b2d775b99,ios,Kayla’s IPhone,2026-04-17T02:13:39.865000,1.519033916,9.297127966,4.995132152,-1.138364827,-0.780317784,13.28609824,0,FALSE,TRUE,FALSE,UNSTABLE,EMERGENCY,impact,d64cda36-5f18-48b0-9e06-5b56bc09e84e,TRUE,TRUE,TRUE,,
9e55ad7e-f015-404a-af9d-1a1cfb406eb6,86,e7e1819f-53df-4701-8f1c-b17b2d775b99,ios,Kayla’s IPhone,2026-04-17T02:13:40.169000,2.489557787,14.48543092,6.87727495,-0.843640595,-0.821973468,14.19771716,0,FALSE,TRUE,FALSE,UNSTABLE,EMERGENCY,impact,b8efd82f-e815-4017-804a-445f8166094c,TRUE,TRUE,TRUE,,
6dbc572c-e7a8-4fa2-9d80-c88e08e34279,87,e7e1819f-53df-4701-8f1c-b17b2d775b99,ios,Kayla’s IPhone,2026-04-17T02:13:40.647000,1.629581466,9.538865816,3.869328507,0.071956459,-0.882070479,12.04974704,0,FALSE,TRUE,FALSE,UNSTABLE,EMERGENCY,impact,60c2a3f2-32a7-4a1f-adb4-1b25e952f046,TRUE,TRUE,TRUE,,
6f35ecd9-e420-40ac-a125-b8d472357b83,88,e7e1819f-53df-4701-8f1c-b17b2d775b99,ios,Kayla’s IPhone,2026-04-17T02:13:40.972000,2.816493586,17.98351698,4.836233901,0.264184163,-0.813136088,11.82974031,0,FALSE,TRUE,FALSE,UNSTABLE,EMERGENCY,impact,2aad6f73-46d7-4e63-8ae3-1e5f45b0bec7,TRUE,TRUE,TRUE,,
a0047ccc-d3d3-4787-a2e2-980dd2822e7c,89,e7e1819f-53df-4701-8f1c-b17b2d775b99,ios,Kayla’s IPhone,2026-04-17T02:13:41.416000,0.222471638,-1.210298476,1.924862979,0.465117445,-0.825606944,11.51239134,0,TRUE,FALSE,FALSE,UNSTABLE,EMERGENCY,free_fall,f642531c-6631-4c40-91fc-fedf67dd7513,TRUE,TRUE,TRUE,,
722aa5fa-9919-48b5-9418-7b93457b4f4b,90,e7e1819f-53df-4701-8f1c-b17b2d775b99,ios,Kayla’s IPhone,2026-04-17T02:13:41.705000,0.296085763,1.051630359,1.68381728,0.323263649,-0.833005504,11.19773152,0,TRUE,FALSE,FALSE,UNSTABLE,EMERGENCY,free_fall,6eabb78b-9ff4-421d-9200-df292e390042,TRUE,TRUE,TRUE,,
8fdef0fe-a160-42cb-809a-390f0fff6370,91,e7e1819f-53df-4701-8f1c-b17b2d775b99,ios,Kayla’s IPhone,2026-04-17T02:13:41.990000,0.383681466,1.390407978,1.380830031,0.208366409,-0.836608923,10.80714857,0,TRUE,FALSE,FALSE,UNSTABLE,EMERGENCY,free_fall,d00bb3e0-b02f-4ff8-bf95-f4aa771a3556,TRUE,TRUE,TRUE,,
5a47fa62-db50-4e9a-8f83-2c3e827b1624,92,e7e1819f-53df-4701-8f1c-b17b2d775b99,ios,Kayla’s IPhone,2026-04-17T02:13:42.287000,0.455796319,1.076341095,1.121165722,0.10799108,-0.842235867,10.4753694,0,TRUE,FALSE,FALSE,UNSTABLE,EMERGENCY,free_fall,ee5a5318-cf6d-49df-9e3a-a8b2df738288,TRUE,TRUE,TRUE,,
b6eea19d-30ec-4341-acf6-1a0d943af31f,93,e7e1819f-53df-4701-8f1c-b17b2d775b99,ios,Kayla’s IPhone,2026-04-17T02:13:43.790000,1.210306182,5.65853008,4.722049593,-0.050300482,-0.266198959,13.32174341,0,FALSE,TRUE,FALSE,UNSTABLE,EMERGENCY,impact,3726a78e-e93a-4f4b-a8bf-f58726473b84,TRUE,TRUE,TRUE,,
e3b07bbe-2ef3-40ba-9407-cd44c7025bb6,94,e7e1819f-53df-4701-8f1c-b17b2d775b99,ios,Kayla’s IPhone,2026-04-17T02:13:44.068000,1.637495173,6.375955098,3.668973613,0.096852061,-0.282976806,11.84147844,0,FALSE,TRUE,FALSE,UNSTABLE,EMERGENCY,impact,83c71f73-c983-4718-a907-7c2179e938ab,TRUE,TRUE,TRUE,,
caa8e0d3-ff2b-4476-9945-64fef6b9e155,95,e7e1819f-53df-4701-8f1c-b17b2d775b99,ios,Kayla’s IPhone,2026-04-17T02:13:44.389000,1.776574439,5.762809281,1.425643702,0.304834049,-0.347221989,9.459069262,0,FALSE,TRUE,FALSE,UNSTABLE,EMERGENCY,impact,9fc4f689-d238-4943-b719-2f0020ee661a,TRUE,TRUE,TRUE,1,"[{'filename': '1776333133837_Welcome.pdf', 'url': 'https://autonomous-sync-snapshots.s3.us-east-1.amazonaws.com/users/dbaf9bbb-c05b-4137-91cc-4c17c0bfc86c/devices/dbaf9bbb-c05b-4137-91cc-4c17c0bfc86c/files/6a9c6c7d-c79b-4f61-8e32-97e551e6e9c2_1776333133837_Welcome.pdf', 'size': 142718}]"
6f39c931-d15c-4f90-9b40-6bbe1354463a,96,e7e1819f-53df-4701-8f1c-b17b2d775b99,ios,Kayla’s IPhone,2026-04-17T02:13:44.668000,2.367124316,8.814177266,5.066075417,0.320665009,-0.307004299,12.5089511,0,FALSE,TRUE,FALSE,UNSTABLE,EMERGENCY,impact,d1a2f362-4ba2-4b6f-88ba-563028ea00ad,TRUE,TRUE,TRUE,1,"[{'filename': '1776333133837_Welcome.pdf', 'url': 'https://autonomous-sync-snapshots.s3.us-east-1.amazonaws.com/users/dbaf9bbb-c05b-4137-91cc-4c17c0bfc86c/devices/dbaf9bbb-c05b-4137-91cc-4c17c0bfc86c/files/566db368-c5fe-423b-90fa-84ff1316e245_1776333133837_Welcome.pdf', 'size': 142718}]"
62629d33-f09e-45b6-9201-92986bff6040,97,e7e1819f-53df-4701-8f1c-b17b2d775b99,ios,Kayla’s IPhone,2026-04-17T02:13:45.042000,2.025033636,3.518135631,1.386274293,-0.040103417,-0.202196721,9.171240657,0,FALSE,TRUE,FALSE,UNSTABLE,EMERGENCY,impact,7f365c64-7268-494d-b5cc-24d4263ed92a,TRUE,TRUE,TRUE,1,"[{'filename': '1776333133837_Welcome.pdf', 'url': 'https://autonomous-sync-snapshots.s3.us-east-1.amazonaws.com/users/dbaf9bbb-c05b-4137-91cc-4c17c0bfc86c/devices/dbaf9bbb-c05b-4137-91cc-4c17c0bfc86c/files/4453de14-fcb7-4b62-9f22-18c54e378fe6_1776333133837_Welcome.pdf', 'size': 142718}]"
093b3141-e1bd-45ec-bc09-cdbac488d903,98,e7e1819f-53df-4701-8f1c-b17b2d775b99,ios,Kayla’s IPhone,2026-04-17T02:13:45.333000,2.704008825,10.13395804,3.06544922,0.024611662,-0.11430717,10.1714404,0,FALSE,TRUE,FALSE,UNSTABLE,EMERGENCY,impact,3401057a-7ce9-4d05-8ae1-0f2945bd167c,TRUE,TRUE,TRUE,1,"[{'filename': '1776333133837_Welcome.pdf', 'url': 'https://autonomous-sync-snapshots.s3.us-east-1.amazonaws.com/users/dbaf9bbb-c05b-4137-91cc-4c17c0bfc86c/devices/dbaf9bbb-c05b-4137-91cc-4c17c0bfc86c/files/47adb9fb-df97-4044-bfc1-64f42d833f9a_1776333133837_Welcome.pdf', 'size': 142718}]"
292c08f9-30cb-46f9-a086-92285fbf9f4a,99,e7e1819f-53df-4701-8f1c-b17b2d775b99,ios,Kayla’s IPhone,2026-04-17T02:13:47.690000,1.004521299,4.398765901,4.17075286,-0.51835629,-0.348732693,12.97623156,0,FALSE,TRUE,FALSE,UNSTABLE,EMERGENCY,impact,79a7ee35-1027-4f23-8d4e-4a12170975a2,TRUE,TRUE,TRUE,1,"[{'filename': '1776333133837_Welcome.pdf', 'url': 'https://autonomous-sync-snapshots.s3.us-east-1.amazonaws.com/users/dbaf9bbb-c05b-4137-91cc-4c17c0bfc86c/devices/dbaf9bbb-c05b-4137-91cc-4c17c0bfc86c/files/bc19449c-ca3c-430b-b344-216b6489c873_1776333133837_Welcome.pdf', 'size': 142718}]"
454a9f10-9de5-4177-8b20-fe395ae1bde8,100,e7e1819f-53df-4701-8f1c-b17b2d775b99,ios,Kayla’s IPhone,2026-04-17T02:13:47.984000,1.684238195,5.598476718,5.137260599,0.181255978,-0.216538385,13.2630224,0,FALSE,TRUE,FALSE,UNSTABLE,EMERGENCY,impact,e18c63f0-eebd-4708-aad9-2ac69a03e763,TRUE,TRUE,TRUE,1,"[{'filename': '1776333133837_Welcome.pdf', 'url': 'https://autonomous-sync-snapshots.s3.us-east-1.amazonaws.com/users/dbaf9bbb-c05b-4137-91cc-4c17c0bfc86c/devices/dbaf9bbb-c05b-4137-91cc-4c17c0bfc86c/files/6a41a811-ffb4-4be6-95a0-101d80968b50_1776333133837_Welcome.pdf', 'size': 142718}]"
e12bcff8-d50e-4433-96d8-c80d8b4c99ec,101,e7e1819f-53df-4701-8f1c-b17b2d775b99,ios,Kayla’s IPhone,2026-04-17T02:13:48.281000,2.138801846,5.76372822,0.973435356,0.876255284,-0.220311555,8.64463351,0,FALSE,TRUE,FALSE,UNSTABLE,EMERGENCY,impact,ba04a084-bdac-4345-9761-04d6697faf60,TRUE,TRUE,TRUE,1,"[{'filename': '1776333133837_Welcome.pdf', 'url': 'https://autonomous-sync-snapshots.s3.us-east-1.amazonaws.com/users/dbaf9bbb-c05b-4137-91cc-4c17c0bfc86c/devices/dbaf9bbb-c05b-4137-91cc-4c17c0bfc86c/files/584e8d0b-6541-40be-9ad2-bb1ab1b3803b_1776333133837_Welcome.pdf', 'size': 142718}]"
1f72e530-5af3-4df9-8315-2c06303d321b,102,e7e1819f-53df-4701-8f1c-b17b2d775b99,ios,Kayla’s IPhone,2026-04-17T02:13:48.551000,2.740383297,8.978827624,3.767756296,0.945938785,-0.177428326,10.837373,0,FALSE,TRUE,FALSE,UNSTABLE,EMERGENCY,impact,10233712-ae2b-4555-9bf7-7407f0a4205d,TRUE,TRUE,TRUE,1,"[{'filename': '1776333133837_Welcome.pdf', 'url': 'https://autonomous-sync-snapshots.s3.us-east-1.amazonaws.com/users/dbaf9bbb-c05b-4137-91cc-4c17c0bfc86c/devices/dbaf9bbb-c05b-4137-91cc-4c17c0bfc86c/files/535e4521-68e2-4234-af74-2b5080bb4a09_1776333133837_Welcome.pdf', 'size': 142718}]"
a2a8e996-b770-48e9-afe8-c5efa3d4d0c4,103,e7e1819f-53df-4701-8f1c-b17b2d775b99,ios,Kayla’s IPhone,2026-04-17T02:13:48.833000,3.181557657,6.584691937,4.447481029,1.093868983,-0.092556701,11.07592337,0,FALSE,TRUE,FALSE,UNSTABLE,EMERGENCY,impact,6718b20e-8532-4456-a44b-61ee1a1d67d4,TRUE,TRUE,TRUE,1,"[{'filename': '1776333133837_Welcome.pdf', 'url': 'https://autonomous-sync-snapshots.s3.us-east-1.amazonaws.com/users/dbaf9bbb-c05b-4137-91cc-4c17c0bfc86c/devices/dbaf9bbb-c05b-4137-91cc-4c17c0bfc86c/files/94be7eef-4275-42f8-a2b1-9bdb3b6dd6c1_1776333133837_Welcome.pdf', 'size': 142718}]"
febb8164-899a-4d25-8164-82f610984817,104,e7e1819f-53df-4701-8f1c-b17b2d775b99,ios,Kayla’s IPhone,2026-04-17T02:13:49.150000,3.327502545,9.379238672,4.179054595,1.485123268,0.080120859,10.66155205,0,FALSE,TRUE,FALSE,UNSTABLE,EMERGENCY,impact,78c708b6-e058-4934-9335-dd7cfa89c5f8,TRUE,TRUE,TRUE,1,"[{'filename': '1776333133837_Welcome.pdf', 'url': 'https://autonomous-sync-snapshots.s3.us-east-1.amazonaws.com/users/dbaf9bbb-c05b-4137-91cc-4c17c0bfc86c/devices/dbaf9bbb-c05b-4137-91cc-4c17c0bfc86c/files/5f29a8a5-417b-40f8-837d-6850b029d0b8_1776333133837_Welcome.pdf', 'size': 142718}]"
98a77400-e0f5-4ec7-b5cd-0e4110944df6,105,e7e1819f-53df-4701-8f1c-b17b2d775b99,ios,Kayla’s IPhone,2026-04-17T02:13:51.816000,1.053874833,4.392344455,2.341159267,1.214680205,0.044353361,11.09728443,0,FALSE,TRUE,FALSE,UNSTABLE,EMERGENCY,impact,c0f40623-ad0c-4492-a672-3ab753a961ba,TRUE,TRUE,TRUE,1,"[{'filename': '1776333133837_Welcome.pdf', 'url': 'https://autonomous-sync-snapshots.s3.us-east-1.amazonaws.com/users/dbaf9bbb-c05b-4137-91cc-4c17c0bfc86c/devices/dbaf9bbb-c05b-4137-91cc-4c17c0bfc86c/files/32a9b134-6482-474f-bbab-5b4e95791199_1776333133837_Welcome.pdf', 'size': 142718}]"
da98a059-9feb-40bf-8d86-8273705428bb,106,e7e1819f-53df-4701-8f1c-b17b2d775b99,ios,Kayla’s IPhone,2026-04-17T02:13:52.094000,1.760035442,9.000466381,4.811073356,1.255993146,0.158384007,12.86103791,0,FALSE,TRUE,FALSE,UNSTABLE,EMERGENCY,impact,d6ad37e9-4d03-406f-ae47-817d5c1f7236,TRUE,TRUE,TRUE,1,"[{'filename': '1776333133837_Welcome.pdf', 'url': 'https://autonomous-sync-snapshots.s3.us-east-1.amazonaws.com/users/dbaf9bbb-c05b-4137-91cc-4c17c0bfc86c/devices/dbaf9bbb-c05b-4137-91cc-4c17c0bfc86c/files/e01ee1c5-7a03-4932-939a-b4eca157a887_1776333133837_Welcome.pdf', 'size': 142718}]"
c2b8f270-5b37-491b-bbaa-81bc36f82e2d,107,e7e1819f-53df-4701-8f1c-b17b2d775b99,ios,Kayla’s IPhone,2026-04-17T02:13:52.419000,2.603954345,6.59307531,3.009664447,1.669807667,0.09537748,10.2157101,0,FALSE,TRUE,FALSE,UNSTABLE,EMERGENCY,impact,37a03e1a-2103-4f72-8e9f-c973f8a1ad61,TRUE,TRUE,TRUE,1,"[{'filename': '1776333133837_Welcome.pdf', 'url': 'https://autonomous-sync-snapshots.s3.us-east-1.amazonaws.com/users/dbaf9bbb-c05b-4137-91cc-4c17c0bfc86c/devices/dbaf9bbb-c05b-4137-91cc-4c17c0bfc86c/files/8c59cb6d-fc13-4e3a-8179-63b394549a9c_1776333133837_Welcome.pdf', 'size': 142718}]"
4b63aef2-10d2-415b-8865-e06e3dddc2aa,108,e7e1819f-53df-4701-8f1c-b17b2d775b99,ios,Kayla’s IPhone,2026-04-17T02:13:58.188000,0.359344926,-0.827052154,0.641145288,-1.588024782,-0.197758971,10.09180036,0,TRUE,FALSE,FALSE,UNSTABLE,EMERGENCY,free_fall,9a75a081-6453-4245-8741-6eacabe94d75,TRUE,TRUE,TRUE,1,"[{'filename': '1776333133837_Welcome.pdf', 'url': 'https://autonomous-sync-snapshots.s3.us-east-1.amazonaws.com/users/dbaf9bbb-c05b-4137-91cc-4c17c0bfc86c/devices/dbaf9bbb-c05b-4137-91cc-4c17c0bfc86c/files/cd711fd7-9a79-4ae9-922a-68496efbb9ee_1776333133837_Welcome.pdf', 'size': 142718}]"
22efdab1-06bf-4377-be32-9bc1c04b3d3b,109,e7e1819f-53df-4701-8f1c-b17b2d775b99,ios,Kayla’s IPhone,2026-04-17T02:13:58.473000,0.599100404,3.632658761,0.58156824,-1.647465407,-0.20056603,9.792467835,0,FALSE,TRUE,FALSE,UNSTABLE,EMERGENCY,impact,85221738-311c-4fda-8db8-ead41b079378,TRUE,TRUE,TRUE,1,"[{'filename': '1776333133837_Welcome.pdf', 'url': 'https://autonomous-sync-snapshots.s3.us-east-1.amazonaws.com/users/dbaf9bbb-c05b-4137-91cc-4c17c0bfc86c/devices/dbaf9bbb-c05b-4137-91cc-4c17c0bfc86c/files/03b77f7e-a9e4-452b-86c5-793f0289509f_1776333133837_Welcome.pdf', 'size': 142718}]"
e9a76122-4d5a-4cc6-bf03-5d6186d89956,110,e7e1819f-53df-4701-8f1c-b17b2d775b99,ios,Kayla’s IPhone,2026-04-17T02:14:03.152000,1.000079205,0.028456381,0.020816258,-2.13778649,-0.503897492,8.830737052,1501,FALSE,FALSE,FALSE,STILL,GRACEFUL,stable_window,06c9efef-a1ad-409d-b380-1317ac632e40,TRUE,TRUE,TRUE,,
e15c214b-962a-47a7-937b-1942525f1f58,111,e7e1819f-53df-4701-8f1c-b17b2d775b99,ios,Kayla’s IPhone,2026-04-17T02:14:08.104000,0.999297739,0.009343029,0.015816666,-3.719598343,0.971868289,8.826518927,1514,FALSE,FALSE,FALSE,STILL,GRACEFUL,stable_window,d6fcc80b-d541-4900-862e-54c02f5475da,TRUE,TRUE,TRUE,,
d8977967-4497-4115-8af8-605895fb075f,112,e7e1819f-53df-4701-8f1c-b17b2d775b99,ios,Kayla’s IPhone,2026-04-17T02:14:13.506000,0.369021964,-0.877356235,0.814717967,-2.548095189,0.298127134,10.255696,0,TRUE,FALSE,FALSE,UNSTABLE,EMERGENCY,free_fall,3b85b1f1-bfc6-421d-8983-5c4977716a5f,TRUE,TRUE,TRUE,,
42413a9a-122c-4e17-96c2-fb9f808e8372,113,e7e1819f-53df-4701-8f1c-b17b2d775b99,ios,Kayla’s IPhone,2026-04-17T02:14:13.783000,3.21779751,43.16326584,8.530393623,-2.645172343,0.850634947,15.12259611,0,FALSE,TRUE,FALSE,UNSTABLE,EMERGENCY,impact,6fec7ce2-bf80-4de4-8983-4db2e4cc1813,TRUE,TRUE,TRUE,,
396a9728-f048-4664-a297-2528b601c1c5,114,e7e1819f-53df-4701-8f1c-b17b2d775b99,ios,Kayla’s IPhone,2026-04-17T02:14:16.517000,1.001907235,0.01966871,0.011491638,-1.135826,2.022574318,8.819584403,1565,FALSE,FALSE,FALSE,STILL,GRACEFUL,stable_window,3ebafb6a-ae69-4eda-9ceb-f107d16189fd,TRUE,TRUE,TRUE,,
055f75bc-833b-485b-99b8-9c6d37ee73b0,115,e7e1819f-53df-4701-8f1c-b17b2d775b99,ios,Kayla’s IPhone,2026-04-17T02:14:19.307000,0.375451071,-0.664361459,0.353603135,-1.255260097,0.757563562,9.788152065,0,TRUE,FALSE,FALSE,UNSTABLE,EMERGENCY,free_fall,67204490-83d3-459e-a5de-048599de5ed3,TRUE,TRUE,TRUE,,
eb3bffb2-42eb-4830-8406-0a3830285dab,116,e7e1819f-53df-4701-8f1c-b17b2d775b99,ios,Kayla’s IPhone,2026-04-17T02:14:19.581000,0.321384376,-0.806965596,0.644557287,-1.258905047,0.71523148,10.13317291,0,TRUE,FALSE,FALSE,UNSTABLE,EMERGENCY,free_fall,0623102e-13d5-4b82-8e16-543ca87a9ca5,TRUE,TRUE,TRUE,,
d0743ce1-ac54-409b-ad72-a4e37449808e,117,e7e1819f-53df-4701-8f1c-b17b2d775b99,ios,Kayla’s IPhone,2026-04-17T02:14:19.894000,0.29493971,-0.394696502,0.804339098,-1.266129638,0.661107115,10.31939939,0,TRUE,FALSE,FALSE,UNSTABLE,EMERGENCY,free_fall,75177370-aa24-4058-81f5-d6f7f0695f86,TRUE,TRUE,TRUE,,
887b87bc-4d3f-4af1-88ac-00e69b481894,118,e7e1819f-53df-4701-8f1c-b17b2d775b99,ios,Kayla’s IPhone,2026-04-17T02:14:20.156000,0.400768939,1.603473163,1.019337406,-1.272355561,0.590382557,10.42856847,0,TRUE,FALSE,FALSE,UNSTABLE,EMERGENCY,free_fall,d86ec1a9-1620-43af-ac65-6d82770a261f,TRUE,TRUE,TRUE,,
48adeafc-1f37-4055-8ee4-bea92fa58b2a,119,e7e1819f-53df-4701-8f1c-b17b2d775b99,ios,Kayla’s IPhone,2026-04-17T02:14:20.418000,0.413863993,0.195448563,1.077915823,-1.279439754,0.514999955,10.47405183,0,TRUE,FALSE,FALSE,UNSTABLE,EMERGENCY,free_fall,3e32609c-1b32-463a-8482-fe8d07c5a443,TRUE,TRUE,TRUE,,
5bc8ae4f-9509-4889-9baf-baef4ea74de0,120,e7e1819f-53df-4701-8f1c-b17b2d775b99,ios,Kayla’s IPhone,2026-04-17T02:14:22.981000,1.006485703,-0.062544378,0.253195734,-0.101915066,-0.074773984,9.05671003,3525,FALSE,FALSE,FALSE,STILL,GRACEFUL,stable_window,8e728adc-f2de-40ed-9103-cafefe22723b,TRUE,TRUE,TRUE,,
37ca7a4b-42e5-4f6a-8925-1b8fd14320fa,121,e7e1819f-53df-4701-8f1c-b17b2d775b99,ios,Kayla’s IPhone,2026-04-17T02:14:25.749000,0.955099534,8.117668994,4.57436284,-1.694807141,-0.207098065,13.42926331,0,FALSE,TRUE,FALSE,UNSTABLE,EMERGENCY,impact,da2437ff-d3b8-42ac-9b96-81a0934b9cca,TRUE,TRUE,TRUE,,
f64cfd9c-33ed-47ef-855d-05e3ed30330d,122,e7e1819f-53df-4701-8f1c-b17b2d775b99,ios,Kayla’s IPhone,2026-04-17T02:14:29.482000,1.00333302,0.059582249,0.030620578,-3.235527627,-0.333952567,8.837287558,1532,FALSE,FALSE,FALSE,STILL,GRACEFUL,stable_window,0480ac66-933a-4529-bf90-7293ffd8b08d,TRUE,TRUE,TRUE,,
bcaa7aec-3fe1-470b-b540-7a9c0b774a8a,123,e7e1819f-53df-4701-8f1c-b17b2d775b99,ios,Kayla’s IPhone,2026-04-17T02:14:31.165000,2.377267179,30.12782362,1.410074004,-2.940599314,-0.020241336,8.842806825,0,FALSE,TRUE,FALSE,UNSTABLE,EMERGENCY,impact,7833d516-f484-4fa3-99b5-bd0fb67fbfb8,TRUE,TRUE,TRUE,,
26a87c88-6ff1-48ca-97cc-6a6363705f0a,124,e7e1819f-53df-4701-8f1c-b17b2d775b99,ios,Kayla’s IPhone,2026-04-17T02:14:33.786000,1.032226866,-0.124688349,0.086887585,-2.858617462,-0.067309636,8.86466072,1532,FALSE,FALSE,FALSE,STILL,GRACEFUL,stable_window,aa39a287-22e1-44fb-b985-cccbbe436a1b,TRUE,TRUE,TRUE,,
13a405ff-2aaf-4ab5-8f46-461dbfe08a6b,125,e7e1819f-53df-4701-8f1c-b17b2d775b99,ios,Kayla’s IPhone,2026-04-17T02:14:39.211000,3.578493687,47.6622243,3.942014671,-1.220173201,-0.035434316,10.17352098,0,FALSE,TRUE,FALSE,UNSTABLE,EMERGENCY,impact,ede4e021-f601-43de-95b2-352eed84b36f,TRUE,TRUE,TRUE,,
401e92a6-938d-4a34-8b69-4d8b30664797,126,e7e1819f-53df-4701-8f1c-b17b2d775b99,ios,Kayla’s IPhone,2026-04-17T02:14:43.130000,1.014995863,-0.004099849,0.155467357,0.668769412,1.137259351,8.950471494,1549,FALSE,FALSE,FALSE,STILL,GRACEFUL,stable_window,56287235-7166-455a-bba0-2edd870144d0,TRUE,TRUE,TRUE,,
8a954875-ded4-48dc-83cd-70dbe11e4bad,127,e7e1819f-53df-4701-8f1c-b17b2d775b99,ios,Kayla’s IPhone,2026-04-17T02:14:49.762000,1.219390092,12.01429178,1.65546026,0.242618991,0.330892696,10.24607017,0,FALSE,TRUE,FALSE,UNSTABLE,EMERGENCY,impact,ade0770c-4e64-4a98-a4e1-6c4466dd22c4,TRUE,TRUE,TRUE,,
df8d0546-b451-4ed9-adbc-c233e9eccf81,128,e7e1819f-53df-4701-8f1c-b17b2d775b99,ios,Kayla’s IPhone,2026-04-17T02:14:52.805000,1.004423322,-0.009756692,0.014188701,-1.613833508,0.744646858,8.819765379,1598,FALSE,FALSE,FALSE,STILL,GRACEFUL,stable_window,d6eedd4f-7379-4dc8-9fef-435e069eaa7f,TRUE,TRUE,TRUE,,
babfce21-3645-4c1f-9428-89567b4c7121,129,e7e1819f-53df-4701-8f1c-b17b2d775b99,ios,Kayla’s IPhone,2026-04-17T02:14:53.887000,0.348609147,-0.792247237,0.633092031,-2.299156979,0.053697976,10.09448288,0,TRUE,FALSE,FALSE,UNSTABLE,EMERGENCY,free_fall,d21bd2bd-b4c4-4d38-aa21-cccfd91dfebb,TRUE,TRUE,TRUE,,
f1f0aaee-56c0-444e-a3eb-f5862d665100,130,e7e1819f-53df-4701-8f1c-b17b2d775b99,ios,Kayla’s IPhone,2026-04-17T02:14:54.184000,0.295887707,-0.786887164,0.84357362,-2.331468135,0.004796653,10.35768591,0,TRUE,FALSE,FALSE,UNSTABLE,EMERGENCY,free_fall,c491d20a-b6ac-4667-b801-bc60185cd65a,TRUE,TRUE,TRUE,,
278c7aca-6dfc-4fa9-ae8f-e07f9fedfdfc,131,e7e1819f-53df-4701-8f1c-b17b2d775b99,ios,Kayla’s IPhone,2026-04-17T02:14:54.481000,0.252159543,-0.66254795,1.056016057,-2.365992499,-0.056850962,10.61385651,0,TRUE,FALSE,FALSE,UNSTABLE,EMERGENCY,free_fall,c40b6dc1-6583-4dff-8189-9a8943e2dfc7,TRUE,TRUE,TRUE,,
679b3070-aabb-45cd-b60e-16558bc77701,132,e7e1819f-53df-4701-8f1c-b17b2d775b99,ios,Kayla’s IPhone,2026-04-17T02:14:54.770000,0.300895625,0.727404219,0.484240856,-2.40936445,-0.052917754,9.99334523,0,TRUE,FALSE,FALSE,UNSTABLE,EMERGENCY,free_fall,aacb192f-c31b-409a-9285-cb1159b04f0f,TRUE,TRUE,TRUE,,
581cc73f-adeb-4e8e-9766-6605d37f97ec,133,e7e1819f-53df-4701-8f1c-b17b2d775b99,ios,Kayla’s IPhone,2026-04-17T02:14:55.064000,0.319695421,0.280593969,0.46926976,-2.443701076,-0.069968311,9.959574339,0,TRUE,FALSE,FALSE,UNSTABLE,EMERGENCY,free_fall,86e886d9-6657-4ba0-adf6-2acc66882f90,TRUE,TRUE,TRUE,,
fa800d19-c881-41c9-805f-a95ec1777505,134,e7e1819f-53df-4701-8f1c-b17b2d775b99,ios,Kayla’s IPhone,2026-04-17T02:14:56.501000,0.359255568,-0.69727743,0.52501378,-2.913172229,-0.029139686,9.975758213,0,TRUE,FALSE,FALSE,UNSTABLE,EMERGENCY,free_fall,7be36ed8-0a2d-4b76-95e9-0c390636218d,TRUE,TRUE,TRUE,,
45fffed3-0697-4b3f-b36c-9be1d196e1b0,135,e7e1819f-53df-4701-8f1c-b17b2d775b99,ios,Kayla’s IPhone,2026-04-17T02:14:56.799000,0.305201266,-0.711240806,0.301593041,-2.933550411,-0.034558129,9.806391775,0,TRUE,FALSE,FALSE,UNSTABLE,EMERGENCY,free_fall,d1b01552-f889-4b2d-97f7-13310f941c4e,TRUE,TRUE,TRUE,,
eca53884-3784-4bd4-8d4b-d54c6249cc59,136,e7e1819f-53df-4701-8f1c-b17b2d775b99,ios,Kayla’s IPhone,2026-04-17T02:14:57.085000,0.260762015,-0.644047121,0.286560045,-2.940398583,-0.048983865,9.83579803,0,TRUE,FALSE,FALSE,UNSTABLE,EMERGENCY,free_fall,d638805b-5e1a-4a9f-8f9e-672f2877fab5,TRUE,TRUE,TRUE,,
5608e0be-7050-49eb-80b5-2e5f68d4340d,137,e7e1819f-53df-4701-8f1c-b17b2d775b99,ios,Kayla’s IPhone,2026-04-17T02:14:57.381000,0.916988867,9.794430627,0.561175509,-2.941695848,-0.081761625,9.454186642,0,FALSE,TRUE,FALSE,UNSTABLE,EMERGENCY,impact,a5aff5dc-bf40-40b0-91a6-1ee8d1b687f0,TRUE,TRUE,TRUE,,
566ebb3d-4a31-4239-b93b-7dbf533749f6,138,e7e1819f-53df-4701-8f1c-b17b2d775b99,ios,Kayla’s IPhone,2026-04-17T02:14:59.877000,1.197053538,4.191422557,3.919318458,0.643488694,-0.465267084,12.53226492,0,FALSE,TRUE,FALSE,UNSTABLE,EMERGENCY,impact,bd359ee9-6780-4841-829b-fc87ebf3161c,TRUE,TRUE,TRUE,,
ea8124cf-7b8e-4190-87ef-46fed411f621,139,e7e1819f-53df-4701-8f1c-b17b2d775b99,ios,Kayla’s IPhone,2026-04-17T02:15:00.482000,1.158056345,4.429553182,0.403114311,1.30321333,-0.234046631,9.055057966,0,FALSE,TRUE,FALSE,UNSTABLE,EMERGENCY,impact,10aff5f6-51f0-4035-a12f-02db25b6c35e,TRUE,TRUE,TRUE,,
f5ca647f-41e6-4796-b2fc-d983fe8d1fec,140,e7e1819f-53df-4701-8f1c-b17b2d775b99,ios,Kayla’s IPhone,2026-04-17T02:15:00.787000,1.425341558,3.989331533,2.319490685,1.247934385,-0.240955174,10.70414913,0,FALSE,TRUE,FALSE,UNSTABLE,EMERGENCY,impact,76b7f5a0-6c85-4958-8e54-60ba7863a3ab,TRUE,TRUE,TRUE,,
95478157-05d8-4e7c-a6fe-390dc6771fdf,141,e7e1819f-53df-4701-8f1c-b17b2d775b99,ios,Kayla’s IPhone,2026-04-17T02:15:01.085000,1.69007925,4.011177153,4.300267083,1.343828267,-0.153954028,12.42018783,0,FALSE,TRUE,FALSE,UNSTABLE,EMERGENCY,impact,d8a019b5-6de3-4ff3-8454-80fc0670dc25,TRUE,TRUE,TRUE,,
463cc46b-3a12-4150-a286-eeb92d4941e0,142,e7e1819f-53df-4701-8f1c-b17b2d775b99,ios,Kayla’s IPhone,2026-04-17T02:15:01.858000,2.067959982,4.982034813,4.768651914,1.132874771,0.136594314,12.51069193,0,FALSE,TRUE,FALSE,UNSTABLE,EMERGENCY,impact,b2b9b161-1f27-4451-98f9-03f83eb3dda0,TRUE,TRUE,TRUE,,
901bbaec-f638-4fa3-8ed7-eb645dec8a9a,143,e7e1819f-53df-4701-8f1c-b17b2d775b99,ios,Kayla’s IPhone,2026-04-17T02:15:02.537000,2.346440258,4.156422026,3.884785409,1.198882702,0.181777548,11.34834515,0,FALSE,TRUE,FALSE,UNSTABLE,EMERGENCY,impact,9d217133-c0bb-4273-9204-afb6db8a39f6,TRUE,TRUE,TRUE,,
4bc7035c-9ccb-4a8f-922e-2e178841b76c,144,e7e1819f-53df-4701-8f1c-b17b2d775b99,ios,Kayla’s IPhone,2026-04-17T02:15:02.980000,0.337549236,-0.297868123,0.9637244,0.95750763,0.020384957,10.43617516,0,TRUE,FALSE,FALSE,UNSTABLE,EMERGENCY,free_fall,a359a209-8774-4046-905e-63dee523198e,TRUE,TRUE,TRUE,,
1ad3e60f-91fa-4a56-9a21-1aec29582772,145,e7e1819f-53df-4701-8f1c-b17b2d775b99,ios,Kayla’s IPhone,2026-04-17T02:15:03.298000,0.394324102,0.847386064,0.981590235,0.828419139,-0.027673447,10.39726613,0,TRUE,FALSE,FALSE,UNSTABLE,EMERGENCY,free_fall,8a31bebd-ecdf-4aba-a728-3a6ba6462cd7,TRUE,TRUE,TRUE,,
12ead3ce-8c64-4baf-bcc7-50c60f27d203,146,e7e1819f-53df-4701-8f1c-b17b2d775b99,ios,Kayla’s IPhone,2026-04-17T02:15:03.586000,0.459375672,0.985629848,1.036319909,0.707689268,-0.079238496,10.38694424,0,TRUE,FALSE,FALSE,UNSTABLE,EMERGENCY,free_fall,4afd7c78-0680-40c2-a5a2-0dc81892738e,TRUE,TRUE,TRUE,,
43d718c8-33d4-4ef8-8701-6eb77d1bdc26,147,e7e1819f-53df-4701-8f1c-b17b2d775b99,ios,Kayla’s IPhone,2026-04-17T02:15:04.952000,1.067412921,6.448192367,1.639636281,-1.878659799,-0.538566999,10.38222336,0,FALSE,TRUE,FALSE,UNSTABLE,EMERGENCY,impact,4a3bfd83-635b-4439-a18c-f012c384db49,TRUE,TRUE,TRUE,,
f15d5247-4fd9-44e8-8bae-939f684a782b,148,e7e1819f-53df-4701-8f1c-b17b2d775b99,ios,Kayla’s IPhone,2026-04-17T02:15:05.340000,1.066514885,3.648886807,0.376995805,-2.400240573,-0.673197859,9.12048092,0,FALSE,TRUE,FALSE,UNSTABLE,EMERGENCY,impact,b5ee6c4a-b86f-4971-9802-04f815ea2632,TRUE,TRUE,TRUE,,
b6f5a3da-fb2a-46be-9861-98069afb2016,149,e7e1819f-53df-4701-8f1c-b17b2d775b99,ios,Kayla’s IPhone,2026-04-17T02:15:08.954000,1.006737767,0.014566377,0.035421071,-2.452094876,0.117909962,8.838683304,1568,FALSE,FALSE,FALSE,STILL,GRACEFUL,stable_window,845990a7-704d-4513-bfbe-35d3649cc3a2,TRUE,TRUE,TRUE,,
93ebe5d2-a046-45b6-ae85-38ddfcbd8266,150,e7e1819f-53df-4701-8f1c-b17b2d775b99,ios,Kayla’s IPhone,2026-04-17T02:15:14.220000,2.260025912,24.63650007,2.19592294,-0.342076751,0.01147332,9.745897028,0,FALSE,TRUE,FALSE,UNSTABLE,EMERGENCY,impact,e9d9b167-1a33-4a04-b1f8-59346c4cefeb,TRUE,TRUE,TRUE,,
f15f1ec2-e882-417f-aa9c-4ac915a389e2,151,e7e1819f-53df-4701-8f1c-b17b2d775b99,ios,Kayla’s IPhone,2026-04-17T02:15:18.057000,0.995729253,-0.06045427,0.101883445,-1.616894523,-0.180102226,8.916154192,1548,FALSE,FALSE,FALSE,STILL,GRACEFUL,stable_window,c076eae7-c479-4298-8242-c09a0691f475,TRUE,TRUE,TRUE,,
d1017fd8-22ce-48ae-bda6-d9f32f72b563,152,e7e1819f-53df-4701-8f1c-b17b2d775b99,ios,Kayla’s IPhone,2026-04-17T02:15:24.480000,1.609675921,14.45974447,0.294121103,-1.554852334,-0.62605756,8.494445182,1032,FALSE,TRUE,FALSE,UNSTABLE,EMERGENCY,impact,ec538356-58e8-42f0-a58a-32fd72012744,TRUE,TRUE,TRUE,,
f1ca9715-af30-44b7-ad19-3d3dbc5d92e6,153,e7e1819f-53df-4701-8f1c-b17b2d775b99,ios,Kayla’s IPhone,2026-04-17T02:15:26.519000,1.73207354,13.69469054,0.571165297,-1.935375067,-0.011576238,8.649091758,0,FALSE,TRUE,FALSE,UNSTABLE,EMERGENCY,impact,acfc630c-386b-470d-b6c8-ea80d9975d90,TRUE,TRUE,TRUE,,
9a86d31e-00d3-4336-8ab4-84e852b9638d,154,e7e1819f-53df-4701-8f1c-b17b2d775b99,ios,Kayla’s IPhone,2026-04-17T02:15:27.524000,2.514049935,24.72108988,1.288388938,-1.523719343,-0.092137943,8.584339003,0,FALSE,TRUE,FALSE,UNSTABLE,EMERGENCY,impact,10ab8442-ac0f-4b06-8559-eb8a572fc1cd,TRUE,TRUE,TRUE,,
bae610f6-5ea4-4507-b717-2d9f3704df59,155,e7e1819f-53df-4701-8f1c-b17b2d775b99,ios,Kayla’s IPhone,2026-04-17T02:15:29.379000,1.699504545,13.39679346,0.39904426,-2.060940481,-0.210050292,8.509539715,1815,FALSE,TRUE,FALSE,UNSTABLE,EMERGENCY,impact,7eeff8fe-1d48-467a-9bb4-61c85adb86f2,TRUE,TRUE,TRUE,,
fd152ab7-59fc-4238-be29-1bde6e850846,156,e7e1819f-53df-4701-8f1c-b17b2d775b99,ios,Kayla’s IPhone,2026-04-17T02:15:30.158000,1.229160352,4.391625731,0.560682276,-2.268159332,0.020972714,9.141521925,2614,FALSE,TRUE,FALSE,UNSTABLE,EMERGENCY,impact,509b1179-c967-48bb-9b98-ac4d026ad428,TRUE,TRUE,TRUE,,
11634a51-3250-4271-8aed-f76c3a5d57fa,157,e7e1819f-53df-4701-8f1c-b17b2d775b99,ios,Kayla’s IPhone,2026-04-17T02:15:30.986000,1.516442845,10.55102178,0.87193226,-2.455701502,-0.321076435,9.165489415,0,FALSE,TRUE,FALSE,UNSTABLE,EMERGENCY,impact,96ea50db-3117-4ed6-99eb-301a48c3742d,TRUE,TRUE,TRUE,,
a2c728d8-e9de-46c8-9585-a8edbc8a51c4,158,e7e1819f-53df-4701-8f1c-b17b2d775b99,ios,Kayla’s IPhone,2026-04-17T02:15:31.860000,1.390267092,6.538353325,0.607342053,-2.594786291,-0.592329988,9.027074962,816,FALSE,TRUE,FALSE,UNSTABLE,EMERGENCY,impact,c156a36a-3918-4d4a-a369-e25f47487401,TRUE,TRUE,TRUE,,
08c6d9e0-34ed-4112-a292-2eef51268047,159,e7e1819f-53df-4701-8f1c-b17b2d775b99,ios,Kayla’s IPhone,2026-04-17T02:15:33.513000,1.2979842,9.174785748,0.296254918,-2.736536813,-0.40200756,8.808270717,2580,FALSE,TRUE,FALSE,UNSTABLE,EMERGENCY,impact,42e23575-4330-4d54-83fc-bd4a0e98dbf0,TRUE,TRUE,TRUE,,
05fe17fa-5c3f-47c0-8a87-59101a7e75f1,160,e7e1819f-53df-4701-8f1c-b17b2d775b99,ios,Kayla’s IPhone,2026-04-17T02:15:38.345000,0.705002522,3.504742505,1.070544288,-2.244637693,-0.200759022,10.17554177,0,FALSE,TRUE,FALSE,UNSTABLE,EMERGENCY,impact,53889408-d458-48d1-8291-dcacdf673310,TRUE,TRUE,TRUE,,
d3dd17f6-5404-4659-bd3f-89c07ab633d7,161,e7e1819f-53df-4701-8f1c-b17b2d775b99,ios,Kayla’s IPhone,2026-04-17T02:15:45.672000,1.313462902,9.58131004,0.530043337,-2.426955859,-0.076841913,9.026580435,798,FALSE,TRUE,FALSE,UNSTABLE,EMERGENCY,impact,c34105bf-162e-4fef-b09a-bc3b66e591f2,TRUE,TRUE,TRUE,,
96930183-f09f-47d9-a1d3-ddd30fd061df,162,e7e1819f-53df-4701-8f1c-b17b2d775b99,ios,Kayla’s IPhone,2026-04-17T02:15:46.087000,1.596085769,11.46494491,0.150216512,-2.500380191,-0.242865105,8.364130743,1731,FALSE,TRUE,FALSE,UNSTABLE,EMERGENCY,impact,3b0b0187-cd96-429a-b666-7e25e4ef95aa,TRUE,TRUE,TRUE,,
f4451744-7935-4ef1-a801-3244e7f515af,163,e7e1819f-53df-4701-8f1c-b17b2d775b99,ios,Kayla’s IPhone,2026-04-17T02:15:46.769000,1.027558698,4.978040194,0.594273831,-2.476036047,0.015308773,9.376715133,0,FALSE,TRUE,FALSE,UNSTABLE,EMERGENCY,impact,d873ae1a-b589-4ad7-bb1d-b03aa7238218,TRUE,TRUE,TRUE,,
086d0e9d-78eb-4d2c-b8bd-098c4281b10b,164,e7e1819f-53df-4701-8f1c-b17b2d775b99,ios,Kayla’s IPhone,2026-04-17T02:15:47.597000,1.295323357,6.059749155,0.605847012,-2.433201005,-0.057251319,9.120523655,866,FALSE,TRUE,FALSE,UNSTABLE,EMERGENCY,impact,bc5537f9-31c6-4b32-997a-c286df892476,TRUE,TRUE,TRUE,,
a512a23b-2138-4ce6-b722-5e0a8c3f8b86,165,e7e1819f-53df-4701-8f1c-b17b2d775b99,ios,Kayla’s IPhone,2026-04-17T02:15:50.756000,1.724386657,14.42216812,0.452511961,-2.594020531,-0.267247648,8.538125304,466,FALSE,TRUE,FALSE,UNSTABLE,EMERGENCY,impact,0a3922d7-15d5-4f0b-a615-54c25c08f78a,TRUE,TRUE,TRUE,,
40f0a5a9-20e9-4d46-9b4b-95c6b3288979,166,e7e1819f-53df-4701-8f1c-b17b2d775b99,ios,Kayla’s IPhone,2026-04-17T02:15:51.836000,1.970364191,18.50808596,0.900356408,-2.330969071,-0.630916194,8.739992216,0,FALSE,TRUE,FALSE,UNSTABLE,EMERGENCY,impact,fcaa636a-6d7e-45fc-bb94-095addd1b21d,TRUE,TRUE,TRUE,,
4d8e36a2-3ea1-4170-b16e-f6282cef4768,167,e7e1819f-53df-4701-8f1c-b17b2d775b99,ios,Kayla’s IPhone,2026-04-17T02:15:52.647000,1.109556178,3.889616573,0.414032951,-2.464229438,-0.729395224,9.114476773,998,FALSE,TRUE,FALSE,UNSTABLE,EMERGENCY,impact,af66b8ab-729a-452b-9eb8-d73928c8864a,TRUE,TRUE,TRUE,,
a1c297c4-85fc-4dd9-9def-9d532b96acaa,168,e7e1819f-53df-4701-8f1c-b17b2d775b99,ios,Kayla’s IPhone,2026-04-17T02:15:52.942000,1.182990939,3.555178772,0.262976774,-2.453447719,-0.70937832,8.889985835,1132,FALSE,TRUE,FALSE,UNSTABLE,EMERGENCY,impact,45807727-9df9-453c-93cf-90d9cc1e8525,TRUE,TRUE,TRUE,,
8b9bac9a-9331-4a88-a04e-c32906a91475,169,e7e1819f-53df-4701-8f1c-b17b2d775b99,ios,Kayla’s IPhone,2026-04-17T02:15:53.917000,1.872765542,15.68357028,0.217746808,-2.526059148,-0.591004387,8.154981266,1997,FALSE,TRUE,FALSE,UNSTABLE,EMERGENCY,impact,53046449-c3e8-43b3-a93b-e91cf24f8f8c,TRUE,TRUE,TRUE,,
762f863a-2aeb-47f5-90a2-aebc88b940a9,170,e7e1819f-53df-4701-8f1c-b17b2d775b99,ios,Kayla’s IPhone,2026-04-17T02:15:54.936000,0.808043032,4.761577264,0.592529376,-2.802208899,-0.347288495,9.594486344,0,FALSE,TRUE,FALSE,UNSTABLE,EMERGENCY,impact,66c96e9a-2852-4f9d-a3a3-a30dec440d26,TRUE,TRUE,TRUE,,
b944e673-5fa9-445b-9d94-8b5f18147d2e,171,e7e1819f-53df-4701-8f1c-b17b2d775b99,ios,Kayla’s IPhone,2026-04-17T02:15:55.326000,1.286870905,6.930777408,0.931915923,-2.778132165,-0.199936049,9.455045019,0,FALSE,TRUE,FALSE,UNSTABLE,EMERGENCY,impact,c1c290bc-6d02-4129-a848-2ee22d1d026e,TRUE,TRUE,TRUE,,
88063c27-ff21-458f-b229-6ef1f9aedeef,172,e7e1819f-53df-4701-8f1c-b17b2d775b99,ios,Kayla’s IPhone,2026-04-17T02:15:58.509000,0.295868793,-0.873783475,3.376610884,-0.836096024,-0.863556027,12.89074209,0,TRUE,FALSE,FALSE,UNSTABLE,EMERGENCY,free_fall,a312d7a1-b03b-4ae0-80b4-2ef55173cd34,TRUE,TRUE,TRUE,,
f32739e8-93c4-48f6-9365-5e56e0236674,173,e7e1819f-53df-4701-8f1c-b17b2d775b99,ios,Kayla’s IPhone,2026-04-17T02:15:58.845000,2.759399715,36.76911825,3.065809626,-0.87777737,-0.962610905,10.11640991,0,FALSE,TRUE,FALSE,UNSTABLE,EMERGENCY,impact,2b247ecc-c37f-4f89-bbec-e41a3ed0f4ed,TRUE,TRUE,TRUE,,
bf8bfec0-e3a4-48ed-afb8-aa5e85466901,174,e7e1819f-53df-4701-8f1c-b17b2d775b99,ios,Kayla’s IPhone,2026-04-17T02:16:02.366000,1.03118448,1.059766335,0.06322724,-1.935597886,-0.416698375,8.84204276,1548,FALSE,FALSE,FALSE,STILL,GRACEFUL,stable_window,20fc6f6a-d9e1-4b4a-ab5e-37463ea79ff1,TRUE,TRUE,TRUE,,
c73351bc-5b4c-4e61-871e-52874440bde7,175,e7e1819f-53df-4701-8f1c-b17b2d775b99,ios,Kayla’s IPhone,2026-04-17T02:16:02.567000,1.26159415,7.741051513,1.45740693,-1.834689226,-0.169712712,10.00581278,0,FALSE,TRUE,FALSE,UNSTABLE,EMERGENCY,impact,5d94d329-c7d6-4feb-be1a-59b085ee9bd1,TRUE,TRUE,TRUE,,
69781cc2-cd8e-41a3-bdf9-5a35fdec142b,176,e7e1819f-53df-4701-8f1c-b17b2d775b99,ios,Kayla’s IPhone,2026-04-17T02:16:02.729000,1.34121784,3.85643218,1.669491235,-1.829172934,-0.017876265,10.13827339,0,FALSE,TRUE,FALSE,UNSTABLE,EMERGENCY,impact,43d07fa3-1fbf-4fd8-b0ee-540dea3fb515,TRUE,TRUE,TRUE,,