event_id,run_number,feature_acc_norm,device_name,temporal_water_emergency,timestamp,files,feature_pitch,platform,feature_roll,feature_gyr_norm,push_attempted,temporal_free_fall,file_count,push_success,temporal_impact,temporal_stable_duration_ms,state,type,ts,event_type,sync_triggered,feature_jerk,feature_stability,reason,push_sent,device_uid,snapshot_id
336904e9-db7d-4395-b664-4c66c4f40758,21,1.4706841869081515,Test27,False,2026-04-16T08:19:36.030000,,0.29743295410829285,ios,-0.5305651875774597,1.0310699702048198,True,False,,False,True,0,UNSTABLE,,,EMERGENCY,True,10.32760692732347,9.370385783296669,impact,,b3895c34-8439-4fa7-8d03-4dfedf800f53,bbc66542-e4d8-4a7e-86e9-ccb5d770a383
bfd2b121-e87e-41d0-b28b-96742dab9ca6,20,0.5398340946612361,Test27,False,2026-04-16T08:19:34.224000,,0.2285386719854844,ios,0.692924432602349,1.5464672396579406,True,False,,False,True,0,UNSTABLE,,,EMERGENCY,True,4.155328663720278,10.816633144996706,impact,,b3895c34-8439-4fa7-8d03-4dfedf800f53,b23935b6-7b4c-4986-8305-b993a0d80e6a
8b6fd9fb-0f32-44a3-a6ce-ac703481d225,19,1.0992377507412712,Test27,False,2026-04-16T08:17:23.409000,,-0.039004146426910004,ios,-0.8588065908720174,2.1130587645224126,True,False,,False,True,0,UNSTABLE,,,EMERGENCY,True,4.449748998808607,10.823821013781142,impact,,b3895c34-8439-4fa7-8d03-4dfedf800f53,59fe9a5f-0ad1-4d40-b5ad-d88ad6c633f1
e4deeafd-2bfc-4797-918e-45112b1d71a9,18,1.2613326619362297,Test27,False,2026-04-16T08:17:21.432000,,0.3216396559342093,ios,-0.6282846664827013,2.061188800352402,True,False,,False,True,0,UNSTABLE,,,EMERGENCY,True,4.694516205208357,10.609856138416173,impact,,b3895c34-8439-4fa7-8d03-4dfedf800f53,291c4e6c-a359-42e6-8748-d27d68d24bbf
116f3ccc-879a-4cc3-936e-8d0c8002df58,17,0.9070982784467224,Test27,False,2026-04-16T08:17:20.561000,,0.10162186427255497,ios,-0.9033832637625969,0.5327622897520552,True,False,,False,False,1592911,STILL,,,GRACEFUL,True,-3.416882191902816e-05,9.435664011305333,stable_window,,b3895c34-8439-4fa7-8d03-4dfedf800f53,3269daad-3dc8-4608-a34c-0f73aa5bc090
1a276bad-607a-492d-81f0-21755c4f4cfe,16,0.4763047378947975,Test27,False,2026-04-16T07:50:46.425000,,1.025153661706978,ios,-0.4595016764745306,0.4709761098261259,True,True,,False,False,0,UNSTABLE,,,EMERGENCY,True,0.38714851652252014,9.80467137193133,free_fall,,b3895c34-8439-4fa7-8d03-4dfedf800f53,1a0961d3-ebdb-409e-a621-d43ce849e7bc
dad75e3c-02ac-49f3-a7fd-f1e560196b12,15,0.44688145063908596,Test27,False,2026-04-16T07:50:46.161000,,1.050300194062108,ios,-0.44949170189205684,0.459438204130296,True,True,,False,False,0,UNSTABLE,,,EMERGENCY,True,0.19227159017109663,9.82255675349121,free_fall,,b3895c34-8439-4fa7-8d03-4dfedf800f53,a4da8033-ee9a-4776-94b3-034d35c6f385
6467d06d-35bf-4512-abb5-f901edec5086,14,1.227314408272928,Test27,False,2026-04-16T07:50:45.784000,,1.1003235626533954,ios,-0.7706730907657697,2.3102981062099777,True,False,,False,True,0,UNSTABLE,,,EMERGENCY,True,5.5997229775144195,10.89298369793705,impact,,b3895c34-8439-4fa7-8d03-4dfedf800f53,b8476b90-f290-4699-adb5-33095be4b678
759e47be-566e-4249-a246-b25076030d12,13,0.47455931453850164,Test27,False,2026-04-16T07:50:42.194000,,-0.19445107121591346,ios,0.1648969512980263,1.4606296145084445,True,True,,False,False,0,UNSTABLE,,,EMERGENCY,True,0.6038458031225287,10.796070299969944,free_fall,,b3895c34-8439-4fa7-8d03-4dfedf800f53,da761632-887e-40e1-b56f-9dab1df31c14
d3583615-c99c-4d77-af62-306ce09f8f58,12,0.4341016457292922,Test27,False,2026-04-16T07:50:41.921000,,-0.24874615492818217,ios,0.21414398739209067,1.682929251868648,True,True,,False,False,0,UNSTABLE,,,EMERGENCY,True,0.5406005751658743,11.058827606139356,free_fall,,b3895c34-8439-4fa7-8d03-4dfedf800f53,b3801aff-df82-4356-af76-7209255f4532
003f4890-2ba3-4cd7-80a6-b1db62f17321,11,1.1737921881132969,Test27,False,2026-04-16T07:50:41.517000,,-0.5222233909131861,ios,-0.21578921755870697,1.6662366572327019,True,False,,False,True,0,UNSTABLE,,,EMERGENCY,True,5.084267091637693,10.302444469119406,impact,,b3895c34-8439-4fa7-8d03-4dfedf800f53,bcc50feb-3201-4ff7-95f7-0512dd39d81c
d002f352-5d59-4ff6-997d-986b4d15699e,10,2.1313646545665668,Test27,False,2026-04-16T07:49:24.803000,,0.03461015008749886,ios,-1.0777230739876933,1.8163976621671256,True,False,,False,True,0,UNSTABLE,,,EMERGENCY,True,4.411116324877225,9.49503300760056,impact,,b3895c34-8439-4fa7-8d03-4dfedf800f53,eeb644d1-49e5-4202-a1fc-d1a20982d074
86f83d84-5daf-4e4b-bcd9-b1dd589648ca,9,1.8402309771246699,Test27,False,2026-04-16T07:49:24.506000,,0.014763511157004465,ios,-1.1828795456658077,4.072110126137737,True,False,,False,True,0,UNSTABLE,,,EMERGENCY,True,14.042525802043793,12.041879149013067,impact,,b3895c34-8439-4fa7-8d03-4dfedf800f53,0ae6c9e9-a433-43fa-8293-48c4650085b2
0c42de8d-909c-4072-9626-88231933f44b,8,1.210860274697842,Test27,False,2026-04-16T07:49:22.262000,,-0.668342816852314,ios,-0.9641772381061671,0.7806548010570973,True,False,,False,True,0,UNSTABLE,,,EMERGENCY,True,4.304877093173136,9.379794526359255,impact,,b3895c34-8439-4fa7-8d03-4dfedf800f53,d7e76f7d-b990-42fc-aa99-86a2b13bac77
f0b99864-1ad2-4c08-a052-ecc894a7ad8c,7,0.9650675681265067,Test27,False,2026-04-16T07:49:21.221000,,-0.6081688167895292,ios,-0.9611253486959097,0.36333992819871,True,False,,False,False,163981,STILL,,,GRACEFUL,True,-5.8017905993761726e-05,9.208272360072204,stable_window,,b3895c34-8439-4fa7-8d03-4dfedf800f53,0bbad05c-1497-4e1a-8b71-a11da8aa56bb
6eae2a7f-c18c-48de-929f-91ab54c60ae8,6,2.408353237723048,Test27,False,2026-04-16T07:46:36.033000,,0.16698671876568738,ios,-0.9706659576948486,0.9043917273439467,True,False,,False,True,0,UNSTABLE,,,EMERGENCY,True,18.216737491871612,8.3060384896209,impact,,b3895c34-8439-4fa7-8d03-4dfedf800f53,c952941b-0ec7-4fe1-b926-609d6e6944f1
541ccb12-1835-4d58-a293-07f38f566602,5,1.18783182576765,Test27,False,2026-04-16T07:46:35.734000,,0.1632043847369966,ios,-1.0361732771345482,1.47419671341005,True,False,,False,True,0,UNSTABLE,,,EMERGENCY,True,10.69338870271151,10.0963648876424,impact,,b3895c34-8439-4fa7-8d03-4dfedf800f53,f1b2e3ac-1d6c-4f6c-84db-dcbe179d20ee
df3b513e-970a-4aa2-9f4e-daa11ba42514,4,1.4167711303538417,Test27,False,2026-04-16T07:46:33.178000,,-0.06932474325414219,ios,-1.1038358778819348,1.9334328963274021,True,False,,False,True,0,UNSTABLE,,,EMERGENCY,True,4.423027119886194,10.32666176597356,impact,,b3895c34-8439-4fa7-8d03-4dfedf800f53,74f61c37-0bd8-49dc-8bcd-694480af9b74
68981ec3-3396-4afe-9ef7-48029f0ccc40,3,1.124851340441353,Test27,False,2026-04-16T07:46:32.868000,,-0.1587349606459374,ios,-1.2563539674643431,2.738512809058029,True,False,,False,True,0,UNSTABLE,,,EMERGENCY,True,5.57899116346155,11.423661468616677,impact,,b3895c34-8439-4fa7-8d03-4dfedf800f53,30fb10f0-5d30-4d26-816e-23612e9ac02e
94771e60-19df-40cc-83ac-26daefdcda18,2,1.13468469037218,Test27,False,2026-04-16T07:46:30.413000,,-0.11837264686840111,ios,-2.107564528623832,0.3172851051968952,True,False,,False,True,0,UNSTABLE,,,EMERGENCY,True,3.5789048885034025,8.992600414824715,impact,,b3895c34-8439-4fa7-8d03-4dfedf800f53,0e6e1448-a2a2-4273-bb43-4f767bfaadb1
50a537e7-e3f1-4ee8-9113-1038c40d0f15,1,0.9593309243921654,Test27,False,2026-04-16T07:46:28.795000,,0.27601127328840386,ios,-1.5987823264244894,0.29456389837165603,True,False,,False,False,1974377,STILL,,,GRACEFUL,True,-1.6749588016449814e-05,9.14523297397949,stable_window,,b3895c34-8439-4fa7-8d03-4dfedf800f53,74a3d81a-8c55-44a7-9012-54907ac2b589
c1e827cd-a192-4bfb-84b5-bac62958c698,,0.9940042567023425,Test27,False,2026-04-15T18:34:40.126000,,-0.004909623374405373,ios,-1.7346266776727763,0.009793665470025267,True,False,,False,False,2417,STILL,,,GRACEFUL,True,0.022771473623057228,8.825789408767683,stable_window,,b3895c34-8439-4fa7-8d03-4dfedf800f53,7ca0fdde-77de-4e1b-891d-174005b1817c
44aaa9d1-c962-46d3-bdd1-bd1820694382,,0.913215782905031,Test27,False,2026-04-15T18:34:37.430000,,0.22226779601685231,ios,-1.530047746483245,1.618164205334091,True,False,,False,True,0,UNSTABLE,,,EMERGENCY,True,4.708013245425289,10.514948422429061,impact,,b3895c34-8439-4fa7-8d03-4dfedf800f53,d4b5a3ac-9a3f-4017-9757-209fe9007c73
5c3db9f8-db66-40d8-83ea-baec94d1395d,,0.9910931202035475,Test27,False,2026-04-15T18:34:34.627000,,0.06550845374820487,ios,-1.3870783266430755,0.030950612747935705,True,False,,False,False,1534,STILL,,,GRACEFUL,True,0.026131622056280994,8.849857492544388,stable_window,,b3895c34-8439-4fa7-8d03-4dfedf800f53,799a7657-167e-4bff-93bb-86dd9a5b730c
18a09deb-b330-44ff-859d-cd1b520aab58,,0.9875166365382523,Test27,False,2026-04-15T18:34:31.817000,,0.214422382278577,ios,-1.3516250118651163,0.24259238789555707,True,False,,False,False,7301,STILL,,,GRACEFUL,True,6.345832422856984e-05,9.065075751357305,stable_window,,b3895c34-8439-4fa7-8d03-4dfedf800f53,c1f1221d-3cab-48ed-9c05-afdde71a9c99
3172fa17-35db-4276-9d90-68c28a741501,,0.8689888086288539,Test27,False,2026-04-15T18:34:24.353000,,0.3995213353801706,ios,-0.71985258818038,0.9551872311241296,True,False,,False,True,0,UNSTABLE,,,EMERGENCY,True,4.186698301298556,9.896198422495276,impact,,b3895c34-8439-4fa7-8d03-4dfedf800f53,9a7f005b-efe0-41b1-b9ab-f8b3acdb1ac8
e4574e05-d702-41ce-87e5-0eff17b6332c,,0.9913941739376497,Test27,False,2026-04-15T18:34:16.767000,,0.06342572691203771,ios,-2.064220072516052,0.05530974929622695,True,False,,False,False,1534,STILL,,,GRACEFUL,True,0.02300248410461377,8.873915575358577,stable_window,,b3895c34-8439-4fa7-8d03-4dfedf800f53,5777b451-0ea7-46d2-94e7-6552d2a42a79
ddaff357-50b2-4b7f-b403-6dbefde97829,,0.995097102260745,Test27,False,2026-04-15T18:33:37.155000,,-0.2434562332612274,ios,-2.907203575205395,0.024568551270915596,True,False,,False,False,1534,STILL,,,GRACEFUL,True,0.006172500757499291,8.839471449010171,stable_window,,b3895c34-8439-4fa7-8d03-4dfedf800f53,9a0179be-3a7c-4eb9-8fb3-a7cc4ff5e0f9
eec7ea93-b4d1-4be8-8b3a-095e521d3696,,1.0079158556618535,Test27,False,2026-04-15T18:33:32.214000,,-0.1466804091759526,ios,-2.095280858450967,0.11559553483842067,True,False,,False,False,2558,STILL,,,GRACEFUL,True,0.10768373222469815,8.917679679176569,stable_window,,b3895c34-8439-4fa7-8d03-4dfedf800f53,eea7ee6d-e17d-4db4-932d-b06d1e9a5395
a13f73c1-2d18-484e-895d-a150109d6e58,,1.05103368751975,Test27,False,2026-04-15T18:33:29.536000,,-0.4401424373636154,ios,-2.090737757764389,0.4031126683591786,True,False,,False,True,0,UNSTABLE,,,EMERGENCY,True,4.028163833203801,9.162078980839429,impact,,b3895c34-8439-4fa7-8d03-4dfedf800f53,2f5849a3-92ec-40b9-bd07-5040e84b6b9c
d2d1ad5d-c387-4472-95df-72fa3479d35e,,0.9950851884742807,Test27,False,2026-04-15T18:33:29.030000,,-0.4477546238760014,ios,-2.136525365082874,0.01326548162861137,True,False,,False,False,2338,STILL,,,GRACEFUL,True,0.006652404681767392,8.82818029315433,stable_window,,b3895c34-8439-4fa7-8d03-4dfedf800f53,706ce8d7-a7f6-4088-aa3f-30c67fc2fb7f
f470bef1-a71e-4c58-9d47-051e7c745e1b,,0.48723751582745656,Test27,False,2026-04-15T18:33:26.549000,,-0.7493302233221639,ios,-1.9987812219017584,0.5222978372980809,True,True,,False,False,0,UNSTABLE,,,EMERGENCY,True,0.8414378281902819,9.845060321470626,free_fall,,b3895c34-8439-4fa7-8d03-4dfedf800f53,f46dffa3-f15c-4f27-8678-f80af140e48f
53c7beeb-8419-49c6-8d0a-9e52824c766a,,0.9933027726486275,Test27,False,2026-04-15T18:33:18.478000,,0.20783845078452448,ios,-1.9890371891513496,0.05066902836650536,True,False,,False,False,1533,STILL,,,GRACEFUL,True,0.01696243934654483,8.867366255717878,stable_window,,b3895c34-8439-4fa7-8d03-4dfedf800f53,a3ad0812-715f-4b4a-bb6d-f737844b31a1
0eedcfa6-8992-4478-a263-8f1282699090,,0.4652865552991964,Test27,False,2026-04-15T18:33:14.036000,,-0.09954622904443014,ios,-1.5228292187832595,0.8041721329718273,True,True,,False,False,0,UNSTABLE,,,EMERGENCY,True,1.5033910916811428,10.148885577672631,free_fall,,b3895c34-8439-4fa7-8d03-4dfedf800f53,ed1b73a8-7cb9-4c4a-a8f8-335222333360
3d46df82-92e9-4507-bb99-6ab45ff69ef8,,0.36606274324824095,Test27,False,2026-04-15T18:33:13.892000,,-0.12647390040198028,ios,-1.512218852416678,0.9327591100353361,True,True,,False,False,0,UNSTABLE,,,EMERGENCY,True,1.5674170457847296,10.376696366787096,free_fall,,b3895c34-8439-4fa7-8d03-4dfedf800f53,462cb0bf-52dd-4a87-b555-2534af0463dd
7a5893d0-a32d-4536-93ee-d2fc786e2e57,,0.26104580118066406,Test27,False,2026-04-15T18:33:13.754000,,-0.15663227006142216,ios,-1.4995751467659384,1.0682023649079944,True,True,,False,False,0,UNSTABLE,,,EMERGENCY,True,1.2598861937375672,10.617156563727331,free_fall,,b3895c34-8439-4fa7-8d03-4dfedf800f53,352275ec-9436-40ca-9cbc-21a2c59fce82
1f9a31dc-08a5-4fbe-b299-ae83e6b3cf31,,0.17663342620024705,Test27,False,2026-04-15T18:33:13.617000,,-0.19112598143446433,ios,-1.483705412804713,1.1925942999427703,True,True,,False,False,0,UNSTABLE,,,EMERGENCY,True,-0.13694361692702342,10.825960873742524,free_fall,,b3895c34-8439-4fa7-8d03-4dfedf800f53,20a1f03a-c05f-40f8-a6ae-da4fad069ee6
fb5dc0e4-fdee-4a91-8b4f-b136ddbc00d9,,0.9816605132742452,Test27,False,2026-04-15T18:33:11.898000,,-0.18960576327661807,ios,-1.9687013203346764,0.0727832704101804,True,False,,False,False,22085,STILL,,,GRACEFUL,True,-0.000610487698425124,8.901122757135935,stable_window,,b3895c34-8439-4fa7-8d03-4dfedf800f53,ff2a0559-db31-434c-bfc5-64e25996ff27
0d46e872-7ac1-4e24-be0b-d8be18db891f,,1.1463777453788968,Test27,False,2026-04-15T18:32:49.743000,,0.0553889532551754,ios,-2.0811768006369475,1.2317042503540219,True,False,,False,True,0,UNSTABLE,,,EMERGENCY,True,4.023790981442282,9.895326504975126,impact,,b3895c34-8439-4fa7-8d03-4dfedf800f53,01936b6b-1232-4c78-9986-f48a57a7ec36
2a064ff0-8577-4fbb-adf6-634e6189009e,,1.026809751076235,Test27,False,2026-04-15T18:32:49.450000,,0.09903702945902124,ios,-2.046979154423073,0.6099171421665083,True,False,,False,True,0,UNSTABLE,,,EMERGENCY,True,5.517029035780373,9.393107391090275,impact,,b3895c34-8439-4fa7-8d03-4dfedf800f53,005014e2-512d-47c2-be65-342770db83cc
bc0b1f6a-aff6-4af1-820c-d02a6256698e,,0.9989415733343052,Test27,False,2026-04-15T18:32:44.718000,,-0.07671891515175032,ios,-2.1208284010708303,0.27648073867580575,True,False,,False,False,734094,STILL,,,GRACEFUL,True,3.8089624528041854e-06,9.087539165341502,stable_window,,b3895c34-8439-4fa7-8d03-4dfedf800f53,7a01c311-372f-44dc-9b2e-9236c25ebd2e
40e8cf26-4aa4-4ae7-a8bb-d53a492899ed,,0.9923424026482296,Test27,False,2026-04-15T18:20:28.158000,,0.16608417703209166,ios,-2.041592323122422,0.04268639616395196,True,False,,False,False,1534,STILL,,,GRACEFUL,True,0.0053011805920477936,8.860343993515722,stable_window,,b3895c34-8439-4fa7-8d03-4dfedf800f53,eb763a64-87d6-4dba-a0d5-f9be7ed6a990
d52863cc-a5a1-4dcb-8d32-7240cb8fe144,,0.9845641522610192,Test27,False,2026-04-15T18:20:23.240000,,0.04826884528141908,ios,-2.3219434068238196,0.026637710398016483,True,False,,False,False,1533,STILL,,,GRACEFUL,True,0.013275555763359037,8.852073558136999,stable_window,,b3895c34-8439-4fa7-8d03-4dfedf800f53,2be7b7f7-04bc-4d3c-922b-e6a2c288b815
06b74ba8-9f9c-47d9-93cc-6a018077b3c8,,0.9955005278669152,Test27,False,2026-04-15T18:13:45.045000,"[{'filename': 'Fuzzy-Sets-Information-and-Control-1965.pdf', 'url': 'https://autonomous-sync-snapshots.s3.us-east-1.amazonaws.com/users/b3895c34-8439-4fa7-8d03-4dfedf800f53/devices/b3895c34-8439-4fa7-8d03-4dfedf800f53/files/dbf3007d-14a6-43de-b650-3f6d0010df73_Fuzzy-Sets-Information-and-Control-1965.pdf'}, {'filename': 'Welcome.md', 'url': 'https://autonomous-sync-snapshots.s3.us-east-1.amazonaws.com/users/b3895c34-8439-4fa7-8d03-4dfedf800f53/devices/b3895c34-8439-4fa7-8d03-4dfedf800f53/files/594d8b4d-3dc9-4d7a-bb6a-13d520cb5ec7_Welcome.md'}, {'filename': 'Welcome.pdf', 'url': 'https://autonomous-sync-snapshots.s3.us-east-1.amazonaws.com/users/b3895c34-8439-4fa7-8d03-4dfedf800f53/devices/b3895c34-8439-4fa7-8d03-4dfedf800f53/files/0ed39405-9227-4f48-b7d2-769c67dc2e2e_Welcome.pdf'}]",0.03991182148419601,ios,-1.8917122044549328,0.04159003699506064,True,False,3,False,False,1533,STILL,,,GRACEFUL,True,0.057690036991159266,8.856089509128147,stable_window,,b3895c34-8439-4fa7-8d03-4dfedf800f53,bd482d62-feda-421b-b670-a4ff27f77dcc
0878b58a-57b2-41dc-a5d8-ae45501de1cd,,1.1286110467048382,Test27,False,2026-04-15T17:14:54.049000,"[{'filename': 'Fuzzy-Sets-Information-and-Control-1965.pdf', 'url': 'https://autonomous-sync-snapshots.s3.us-east-1.amazonaws.com/users/b3895c34-8439-4fa7-8d03-4dfedf800f53/devices/b3895c34-8439-4fa7-8d03-4dfedf800f53/files/0efcba07-6420-4126-80fd-cbaea7af7354_Fuzzy-Sets-Information-and-Control-1965.pdf'}, {'filename': 'Welcome.md', 'url': 'https://autonomous-sync-snapshots.s3.us-east-1.amazonaws.com/users/b3895c34-8439-4fa7-8d03-4dfedf800f53/devices/b3895c34-8439-4fa7-8d03-4dfedf800f53/files/a17a7507-3b04-42b7-bcae-48769fad65b1_Welcome.md'}]",-0.16776255888525077,ios,-1.5547645868096716,1.8775021956742626,True,False,2,False,True,0,UNSTABLE,,,EMERGENCY,True,3.85270857153697,10.558891148969424,impact,,b3895c34-8439-4fa7-8d03-4dfedf800f53,b61d87fe-c835-424d-a8b1-ded88af48813
8e12c707-461e-463d-933b-1ee24662b8f3,,1.2537963825955567,Test27,False,2026-04-15T17:14:52.480000,"[{'filename': 'Fuzzy-Sets-Information-and-Control-1965.pdf', 'url': 'https://autonomous-sync-snapshots.s3.us-east-1.amazonaws.com/users/b3895c34-8439-4fa7-8d03-4dfedf800f53/devices/b3895c34-8439-4fa7-8d03-4dfedf800f53/files/ffed7ad7-f407-4eed-bbd0-eb85f02fcbf9_Fuzzy-Sets-Information-and-Control-1965.pdf'}, {'filename': 'Welcome.md', 'url': 'https://autonomous-sync-snapshots.s3.us-east-1.amazonaws.com/users/b3895c34-8439-4fa7-8d03-4dfedf800f53/devices/b3895c34-8439-4fa7-8d03-4dfedf800f53/files/37e1b772-66b9-4d59-8626-5e29e31ba49f_Welcome.md'}]",0.20087421863736785,ios,-0.5464482572028687,1.4585022942688057,True,False,2,False,True,0,UNSTABLE,,,EMERGENCY,True,6.324144312972908,10.01470591167325,impact,,b3895c34-8439-4fa7-8d03-4dfedf800f53,34065075-bf53-4770-8c9b-b8146d1c81e8









